"MP Name","Constituency","State","House","Allocated Amount (₹)","Amount Recommended (₹)","Total Expenditure (₹)","Utilization %","Completed Works","Recommended Works","Completion Rate %","Balance Not Yet Paid to Vendors (₹)","Transaction Count","Successful Payments","Pending Payments","Average Rating"
"ANDREW J. SYNGKON","SHILLONG","Meghalaya","Lok Sabha",98000000,98000000,71430000,100,98,241,40.66,26570000,327,321,6,"N/A"
"S SUPONGMEREN JAMIR","NAGALAND","Nagaland","Lok Sabha",147000000,147000000,138150000,100,38,56,67.86,8850000,81,81,0,"N/A"
"RAVINDRA DATTARAM WAIKAR","MUMBAI NORTH WEST","Maharashtra","Lok Sabha",147000000,147000000,53799122,100,0,67,0,93200878,24,20,4,"N/A"
"Mahesh Sharma","GAUTAM BUDDHA NAGAR","Uttar Pradesh","Lok Sabha",148816284.11,148811083.28,83408358,100,68,173,39.31,65402725.28,130,126,4,"N/A"
"ANOOP PRADHAN BALMIKI","HATHRAS","Uttar Pradesh","Lok Sabha",147000000,146944105,97915147,99.96,69,106,65.09,49028958,141,141,0,"N/A"
"Prof SP Singh Baghel","AGRA","Uttar Pradesh","Lok Sabha",147000000,146923438,93200157,99.95,55,110,50,53723281,140,140,0,"N/A"
"Shri Bhartruhari Mahtab","CUTTACK","Odisha","Lok Sabha",147000000,146922088,37017579,99.95,86,483,17.81,109904509,281,277,4,"N/A"
"NEERAJ MAURYA","AONLA","Uttar Pradesh","Lok Sabha",147000000,146910629,97488644,99.94,17,36,47.22,49421985,101,101,0,"N/A"
"Smt Veena Devi ","VAISHALI","Bihar","Lok Sabha",147000000,146860679,131108889,99.91,30,59,50.85,15751790,49,49,0,"N/A"
"DR. LATA WANKHEDE","SAGAR","Madhya Pradesh","Lok Sabha",147000000,146839715,100520853,99.89,103,236,43.64,46318862,276,272,4,"N/A"
"BALYA MAMA SURESH GOPINATH MHATRE","BHIWANDI","Maharashtra","Lok Sabha",147000000,146794506,61343128,99.86,11,164,6.71,85451378,75,70,5,"N/A"
"Ashok Kumar Rawat","MISRIKH","Uttar Pradesh","Lok Sabha",147000000,146776705,121139986,99.85,2,5,40,25636719,32,24,8,"N/A"
"SACHITHANANTHAM R","DINDIGUL","Tamil Nadu","Lok Sabha",147000000,146728339,91226196,99.82,50,134,37.31,55502143,87,85,2,"N/A"
"Ramprit Mandal","JHANJHARPUR","Bihar","Lok Sabha",147000000,146608150,107510581,99.73,91,177,51.41,39097569,104,104,0,"N/A"
"JOYANTA BASUMATARY","KOKRAJHAR","Assam","Lok Sabha",147000000,146599810,63280971,99.73,20,129,15.5,83318839,82,79,3,"N/A"
"Rodmal Nagar ","RAJGARH","Madhya Pradesh","Lok Sabha",147000000,146544940,92107905,99.69,54,355,15.21,54437035,265,265,0,"N/A"
"Mukesh Rajput","FARRUKHABAD","Uttar Pradesh","Lok Sabha",147000000,146534526,108417412,99.68,246,306,80.39,38117114,367,367,0,"N/A"
"MURLIDHAR MOHOL","PUNE","Maharashtra","Lok Sabha",147000000,146496657,18945481,99.66,12,99,12.12,127551176,19,19,0,"N/A"
"JAI PARKASH","HISAR","Haryana","Lok Sabha",147000000,146353469,73212356,99.56,68,444,15.32,73141113,357,330,27,"N/A"
"SUDHAKAR SINGH","BUXAR","Bihar","Lok Sabha",185211956.54,184189494,124124191,99.45,98,204,48.04,60065303,177,176,1,"N/A"
"Indra Hang Subba","SIKKIM","Sikkim","Lok Sabha",152003923.11,151079926,98023420,99.39,38,130,29.23,53056506,80,80,0,"N/A"
"Pradyut Bordoloi","NOWGONG","Assam","Lok Sabha",98000000,97394000,67857468,99.38,13,215,6.05,29536532,478,475,3,"N/A"
"Sunil Kumar ","VALMIKI NAGAR","Bihar","Lok Sabha",147000000,145930069,63664429,99.27,79,258,30.62,82265640,87,87,0,"N/A"
"RAJA RAM SINGH","KARAKAT","Bihar","Lok Sabha",147000000,145887944,72478355,99.24,114,329,34.65,73409589,194,191,3,"N/A"
"Shri Arun Kumar Sagar ","SHAHJAHANPUR","Uttar Pradesh","Lok Sabha",147000000,145876200,138723000,99.24,4,7,57.14,7153200,45,45,0,"N/A"
"DULU MAHATO","DHANBAD","Jharkhand","Lok Sabha",147000000,145710045,58175255,99.12,57,417,13.67,87534790,312,272,40,"N/A"
"MANOJ KUMAR","SASARAM","Bihar","Lok Sabha",147000000,145610852,95686097,99.06,82,194,42.27,49924755,122,121,1,"N/A"
"SK NURUL ISLAM","BASIRHAT","West Bengal","Lok Sabha",49000000,48510650,30740105,99,8,32,25,17770545,21,21,0,"N/A"
"Vinod Chavda","KACHCHH","Gujarat","Lok Sabha",147000000,145391050,51201603,98.91,98,363,27,94189447,127,119,8,"N/A"
"Priyanka Gandhi Vadra","WAYANAD","Kerala","Lok Sabha",122500000,121145751,34714501,98.89,11,96,11.46,86431250,39,39,0,"N/A"
"VIJAYLAKSHMI DEVI","SIWAN","Bihar","Lok Sabha",147000000,145285955,134748616,98.83,95,182,52.2,10537339,142,142,0,"N/A"
"RAJESH RANJAN ALIAS PAPPU YADAV","PURNEA","Bihar","Lok Sabha",147000000,145247018,72622818,98.81,46,171,26.9,72624200,76,76,0,"N/A"
"PATEL UMESHBHAI BABUBHAI","DAMAN and DIU","The Dadra And Nagar Haveli And Daman And Diu","Lok Sabha",245063957,241786200,0,98.66,0,61,0,241786200,0,0,0,"N/A"
"Smt S Jothimani","KARUR","Tamil Nadu","Lok Sabha",147000000,144332988,48601252,98.19,87,177,49.15,95731736,103,100,3,"N/A"
"MANI. A.","DHARAMAPURI","Tamil Nadu","Lok Sabha",164515071.11,161217102,68465190,98,63,373,16.89,92751912,130,127,3,"N/A"
"Anto Antony","PATHANAMTHITTA","Kerala","Lok Sabha",147000000,143897348,26984855,97.89,60,356,16.85,116912493,78,78,0,"N/A"
"THARANIVENTHAN M S","ARANI","Tamil Nadu","Lok Sabha",168337124.35,164629272,111465790,97.8,192,316,60.76,53163482,215,214,1,"N/A"
"RAMBHUAL NISHAD","SULTANPUR","Uttar Pradesh","Lok Sabha",151231957.11,147846720.57,87473694,97.76,6,69,8.7,60373026.56999999,26,25,1,"N/A"
"RAJ BHUSHAN CHOUDHARY","MUZAFFARPUR","Bihar","Lok Sabha",147000000,143571385,96375137,97.67,77,130,59.23,47196248,90,90,0,"N/A"
"SUDAMA PRASAD","ARRAH","Bihar","Lok Sabha",147000000,142785922,57716958,97.13,66,219,30.14,85068964,86,86,0,"N/A"
"RAM PRASAD CHAUDHARY","BASTI","Uttar Pradesh","Lok Sabha",204176957.11,198071774,148429426,97.01,37,183,20.22,49642348,239,239,0,1
"Sanjay Kumar Bandi","KARIMNAGAR","Telangana","Lok Sabha",172775317.11,167256600,65663959,96.81,173,635,27.24,101592641,307,307,0,"N/A"
"RAJEEV BHARDWAJ","KANGRA","Himachal Pradesh","Lok Sabha",179388967.11,173418823,81718389,96.67,208,628,33.12,91700434,658,652,6,"N/A"
"K RADHAKRISHNAN","ALATHUR","Kerala","Lok Sabha",147000000,141911635,28066021,96.54,15,186,8.06,113845614,30,30,0,"N/A"
"KARAN BHUSHAN SINGH","KAISERGANJ","Uttar Pradesh","Lok Sabha",147000000,141887056,95454825,96.52,33,108,30.56,46432231,145,144,1,"N/A"
"BIJULI KALITA MEDHI","GUWAHATI","Assam","Lok Sabha",147000000,141550000,72761435,96.29,5,150,3.33,68788565,170,169,1,"N/A"
"PARTHA BHOWMICK","BARRACKPUR","West Bengal","Lok Sabha",147000000,141285236,31114929,96.11,4,32,12.5,110170307,11,11,0,"N/A"
"ADV K FRANCIS GEORGE","KOTTAYAM","Kerala","Lok Sabha",188722256.11,181246978,37467974,96.04,53,359,14.76,143779004,82,80,2,"N/A"
"NALIN SOREN","DUMKA","Jharkhand","Lok Sabha",147364097.11,141450000,86550781,95.99,106,425,24.94,54899219,289,289,0,"N/A"
"RAMASHANKAR RAJBHAR","SALEMPUR","Uttar Pradesh","Lok Sabha",160056927.07,153597970,61281620,95.96,84,314,26.75,92316350,263,241,22,"N/A"
"AJENDRA SINGH LODHI","HAMIRPUR","Uttar Pradesh","Lok Sabha",147000000,140840000,48355823,95.81,19,191,9.95,92484177,104,88,16,"N/A"
"Shripad Yesso Naik","NORTH GOA","Goa","Lok Sabha",147000000,140799519.3,15476370,95.78,1,115,0.87,125323149.30000001,25,25,0,"N/A"
"Arvind Dharmapuri","NIZAMABAD","Telangana","Lok Sabha",281396355.11,269501566,158096817,95.77,476,916,51.97,111404749,526,526,0,"N/A"
"ANAND KUMAR","BAHRAICH","Uttar Pradesh","Lok Sabha",147000000,140780618,66987751,95.77,32,110,29.09,73792867,102,102,0,"N/A"
"DAGGUMALLA PRASADA RAO","CHITTOOR","Andhra Pradesh","Lok Sabha",147000000,140753639,76341346,95.75,111,248,44.76,64412293,156,156,0,"N/A"
"ABHAY KUMAR SINHA","AURANGABAD","Bihar","Lok Sabha",147000000,140604391,73566109,95.65,124,271,45.76,67038282,159,159,0,"N/A"
"DR. MANSUKH MANDAVIYA","PORBANDAR","Gujarat","Lok Sabha",147000000,140558455,35557268,95.62,74,306,24.18,105001187,89,86,3,"N/A"
"PARSHOTTAMBHAI RUPALA","RAJKOT","Gujarat","Lok Sabha",147000000,140402854,41530051,95.51,93,305,30.49,98872803,99,95,4,"N/A"
"SALENG A SANGMA","TURA","Meghalaya","Lok Sabha",147000000,140370000,98620000,95.49,132,340,38.82,41750000,431,423,8,"N/A"
"K Subbarayan","TIRUPPUR","Tamil Nadu","Lok Sabha",147000000,140087576,81901423,95.3,65,118,55.08,58186153,75,75,0,"N/A"
"Shri Deepak (Dev) Adhikari ","GHATAL","West Bengal","Lok Sabha",200747364,191294685,87788715,95.29,165,205,80.49,103505970,176,176,0,"N/A"
"Durga Das Uikey ","BETUL","Madhya Pradesh","Lok Sabha",151569502.91,143518890,85636977,94.69,288,498,57.83,57881913,437,435,2,"N/A"
"PRIYA SAROJ","MACHHLISHAHR","Uttar Pradesh","Lok Sabha",147000000,139032410,69805592,94.58,725,1396,51.93,69226818,1048,1047,1,"N/A"
"RAKESH RATHOR","SITAPUR","Uttar Pradesh","Lok Sabha",147000000,138907397,91524162,94.49,21,71,29.58,47383235,105,104,1,"N/A"
"Ganesan Selvam","KANCHEEPURAM","Tamil Nadu","Lok Sabha",186508749.11,175689345,111117216,94.2,273,456,59.87,64572129,291,291,0,"N/A"
"Kripanath Mallah","KARIMGANJ","Assam","Lok Sabha",147000000,138460506,66488500,94.19,0,94,0,71972006,116,116,0,"N/A"
"Shri B Y Raghavendra ","SHIMOGA","Karnataka","Lok Sabha",147000000,138362295,70428761,94.12,49,350,14,67933534,298,297,1,"N/A"
"Virendra Kumar","TIKAMGARH","Madhya Pradesh","Lok Sabha",147000000,137647786,49785240,93.64,12,359,3.34,87862546,221,213,8,"N/A"
"Alok Kumar Suman","GOPALGANJ","Bihar","Lok Sabha",147000000,137350687,51862560,93.44,43,155,27.74,85488127,57,56,1,"N/A"
"Giridhari Yadav","BANKA","Bihar","Lok Sabha",147000000,137231145,114805889,93.35,92,120,76.67,22425256,96,96,0,"N/A"
"Janardan Mishra","REWA","Madhya Pradesh","Lok Sabha",147000000,137206693,86935425,93.34,1,107,0.93,50271268,78,78,0,"N/A"
"BIBHU PRASAD TARAI","JAGATSINGHPUR","Odisha","Lok Sabha",147000000,137149588,16733683,93.3,15,344,4.36,120415905,85,78,7,"N/A"
"ANANTA NAYAK","KEONJHAR","Odisha","Lok Sabha",147000000,136905000,30111360,93.13,17,342,4.97,106793640,451,448,3,"N/A"
"Shri Satish Kumar Gautam ","ALIGARH","Uttar Pradesh","Lok Sabha",147000000,136639769,87713538,92.95,21,103,20.39,48926231,127,127,0,"N/A"
"MIAN ALTAF AHMAD","ANANTNAG","Jammu And Kashmir","Lok Sabha",147000000,136361166,24523857,92.76,14,133,10.53,111837309,35,35,0,"N/A"
"Dr Mohammad Jawed","KISHANGANJ","Bihar","Lok Sabha",148669229.11,137845700,89065400,92.72,130,209,62.2,48780300,138,138,0,"N/A"
"SUKHDEO BHAGAT","LOHARDAGA","Jharkhand","Lok Sabha",171821957.11,159064623,138586757,92.58,90,284,31.69,20477866,358,358,0,"N/A"
"DR. KIRSAN NAMDEO","GADCHIROLI-CHIMUR","Maharashtra","Lok Sabha",147000000,135837283,22599453,92.41,18,166,10.84,113237830,26,26,0,"N/A"
"MALVINDER SINGH KANG","ANANDPUR SAHIB","Punjab","Lok Sabha",147000000,135790753,80974799,92.37,109,374,29.14,54815954,793,752,41,"N/A"
"JITENDRA KUMAR DOHARE","ETAWAH","Uttar Pradesh","Lok Sabha",188747306.26,174269829.45,119571988,92.33,192,514,37.35,54697841.44999999,518,518,0,"N/A"
"LALJI VERMA","AMBEDKAR NAGAR","Uttar Pradesh","Lok Sabha",147000000,135165344,86165424,91.95,61,267,22.85,48999920,287,280,7,"N/A"
"Vijay Kumar Dubey","KUSHI NAGAR","Uttar Pradesh","Lok Sabha",148900000,136483723,80256423,91.66,132,239,55.23,56227300,324,324,0,"N/A"
"CHHOTELAL","ROBERTSGANJ","Uttar Pradesh","Lok Sabha",147000000,134476735,90952339,91.48,261,435,60,43524396,728,728,0,"N/A"
"Bhola Singh","BULANDSHAHR","Uttar Pradesh","Lok Sabha",147000000,134442116,101017522,91.46,142,290,48.97,33424594,250,250,0,"N/A"
"Shri Tapir Gao","ARUNACHAL EAST","Arunachal Pradesh","Lok Sabha",147000000,134193352,98534470,91.29,106,167,63.47,35658882,199,199,0,"N/A"
"AKHILESH YADAV","KANNAUJ","Uttar Pradesh","Lok Sabha",147000000,133799178,32453607,91.02,40,244,16.39,101345571,92,85,7,"N/A"
"AFZAL ANSARI","GHAZIPUR","Uttar Pradesh","Lok Sabha",220500000,200499521,107091112,90.93,35,426,8.22,93408409,286,285,1,"N/A"
"Pradeep Kumar Singh","ARARIA","Bihar","Lok Sabha",147000000,132611427,132606146,90.21,39,86,45.35,5281,86,86,0,"N/A"
"AWADHESH PRASAD","FAIZABAD","Uttar Pradesh","Lok Sabha",147000000,132516313,92097873,90.15,108,201,53.73,40418440,288,253,35,"N/A"
"DR. RAJESH MISHRA","SIDHI","Madhya Pradesh","Lok Sabha",262724510.35,236416983,184983789,89.99,172,341,50.44,51433194,656,645,11,"N/A"
"MURASOLI S","THANJAVUR","Tamil Nadu","Lok Sabha",147000000,132218766,77333643,89.94,46,88,52.27,54885123,72,69,3,"N/A"
"Devusinh Jesingbhai Chauhan","KHEDA","Gujarat","Lok Sabha",147000000,132058971,56282548,89.84,247,674,36.65,75776423,302,292,10,"N/A"
"Jaswantsinh Sumanbhai Bhabhor","DAHOD","Gujarat","Lok Sabha",147000000,131934259,26676501,89.75,75,414,18.12,105257758,91,91,0,"N/A"
"NABA CHARAN MAJHI","MAYURBHANJ","Odisha","Lok Sabha",147563957.11,132300000,34922207,89.66,27,220,12.27,97377793,77,76,1,"N/A"
"Midhun Reddy","RAJAMPET","Andhra Pradesh","Lok Sabha",178951477.11,160099216,56264747,89.47,181,489,37.01,103834469,232,217,15,"N/A"
"Kanimozhi Karunanidhi","THOOTHUKKUDI","Tamil Nadu","Lok Sabha",147000000,131032027,58344698,89.14,12,53,22.64,72687329,34,33,1,"N/A"
"SANJNA JATAV","BHARATPUR","Rajasthan","Lok Sabha",147000000,130636675.1,66932558.1,88.87,76,245,31.02,63704116.99999999,733,713,20,"N/A"
"Radha Mohan Singh","PURVI CHAMPARAN","Bihar","Lok Sabha",147000000,130545336,69803891,88.81,60,124,48.39,60741445,83,83,0,"N/A"
"JASHUBHAI BHILUBHAI RATHVA","CHHOTA UDAIPUR","Gujarat","Lok Sabha",147000000,130296251,38424412,88.64,96,453,21.19,91871839,121,119,2,"N/A"
"ROBERT BRUCE C","TIRUNELVELI","Tamil Nadu","Lok Sabha",147475440.11,130653154,55819028,88.59,60,142,42.25,74834126,73,73,0,"N/A"
"Rahul Kaswan","CHURU","Rajasthan","Lok Sabha",147000000,130037464,58894909,88.46,37,257,14.4,71142555,540,534,6,"N/A"
"Adv Dean Kuriakose","IDUKKI","Kerala","Lok Sabha",147000000,129898384,58754261,88.37,95,189,50.26,71144123,116,114,2,"N/A"
"SATPAL BRAHAMCHARI","SONEPAT","Haryana","Lok Sabha",147000000,129812634,35904950,88.31,19,226,8.41,93907684,209,180,29,"N/A"
"Asit Kumar Mal ","BOLPUR","West Bengal","Lok Sabha",275694456.74,243441384,167656043,88.3,134,202,66.34,75785341,157,153,4,"N/A"
"DR. M.P ABDUSSAMAD SAMADANI","PONNANI","Kerala","Lok Sabha",170434031.11,149764005,16359185,87.87,48,324,14.81,133404820,56,54,2,"N/A"
"RAJ KUMAR ROAT","BANSWARA","Rajasthan","Lok Sabha",147000000,129087279,63894021,87.81,23,116,19.83,65193258,126,121,5,"N/A"
"Ramvir Singh Bidhuri","SOUTH DELHI","Delhi","Lok Sabha",147559100,129282379,28849836,87.61,41,134,30.6,100432543,48,48,0,"N/A"
"MALAIYARASAN D","KALLAKURICHI","Tamil Nadu","Lok Sabha",201599593,175403247,121901141,87.01,198,384,51.56,53502106,204,204,0,"N/A"
"SHASHANK MANI","DEORIA","Uttar Pradesh","Lok Sabha",147000000,127833563,80936917,86.96,45,126,35.71,46896646,142,135,7,"N/A"
"Dileshwar Kamait ","SUPAUL","Bihar","Lok Sabha",150450930.89,130816237,89329681,86.95,46,131,35.11,41486556,76,76,0,"N/A"
"Dinesh Chandra Yadav","MADHEPURA","Bihar","Lok Sabha",150070866.11,129988231,92486814,86.62,105,156,67.31,37501417,113,113,0,"N/A"
"K E PRAKASH","ERODE","Tamil Nadu","Lok Sabha",147000000,127327724,87182728,86.62,141,233,60.52,40144996,148,147,1,"N/A"
"PRADEEP PUROHIT","BARGARH","Odisha","Lok Sabha",147000000,127137900,31249878,86.49,42,318,13.21,95888022,113,110,3,"N/A"
"SUKHJINDER SINGH RANDHAWA","GURDASPUR","Punjab","Lok Sabha",147000000,126983530,56807613,86.38,90,338,26.63,70175917,400,397,3,"N/A"
"Shri Hibi Eden","ERNAKULAM","Kerala","Lok Sabha",162177260.11,139783460,24928980,86.19,18,112,16.07,114854480,34,34,0,"N/A"
"KRISHNA DEVI SHIVSHANKER PATEL","BANDA","Uttar Pradesh","Lok Sabha",147000000,126612939.12,76835226.67,86.13,202,442,45.7,49777712.45,352,329,23,"N/A"
"ALOK SHARMA","BHOPAL","Madhya Pradesh","Lok Sabha",147000000,126534188,63242243,86.08,22,90,24.44,63291945,85,84,1,"N/A"
"Kalanidhi Veeraswamy","CHENNAI NORTH","Tamil Nadu","Lok Sabha",171500000,146804864,86228598,85.6,40,100,40,60576266,58,57,1,"N/A"
"Shri LS Tejasvi Surya ","BANGALORE SOUTH","Karnataka","Lok Sabha",147000000,125736528,40913804,85.54,25,136,18.38,84822724,51,51,0,"N/A"
"Nitin Jairam Gadkari","NAGPUR","Maharashtra","Lok Sabha",168195086.11,143109407,46558565,85.09,19,67,28.36,96550842,35,29,6,"N/A"
"NILESH DNYANDEV LANKE","AHMEDNAGAR","Maharashtra","Lok Sabha",147000000,124380392,23809461,84.61,12,99,12.12,100570931,17,17,0,"N/A"
"DR. PRASHANT YADAORAO PADOLE","BHANDARA-GONDIYA","Maharashtra","Lok Sabha",159680283.39,134892033,15660951,84.48,8,152,5.26,119231082,22,20,2,"N/A"
"Shri Karti P Chidambaram ","SIVAGANGA","Tamil Nadu","Lok Sabha",159049284.11,134172129,98344507,84.36,117,182,64.29,35827622,147,147,0,"N/A"
"NARAYAN DAS AHIRWAR","JALAUN","Uttar Pradesh","Lok Sabha",147000000,123716116.8,51218010.8,84.16,36,367,9.81,72498106,292,289,3,1
"Bharatsinhji Shankarji Dabhi","PATAN","Gujarat","Lok Sabha",147000000,123505538,72505536,84.02,160,334,47.9,51000002,205,199,6,"N/A"
"RICHARD VANLALHMANGAIHA","MIZORAM","Mizoram","Lok Sabha",147000000,123494229,96361729,84.01,134,266,50.38,27132500,319,319,0,"N/A"
"KANWAR SINGH TANWAR","AMROHA","Uttar Pradesh","Lok Sabha",147000000,123430143,78135018,83.97,59,104,56.73,45295125,81,81,0,"N/A"
"GANAPATHY RAJKUMAR P","COIMBATORE","Tamil Nadu","Lok Sabha",147370490.11,123530358,43662823,83.82,7,107,6.54,79867535,45,44,1,"N/A"
"V S Matheswaran","NAMAKKAL","Tamil Nadu","Lok Sabha",162539930.11,136032955,90580955,83.69,140,205,68.29,45452000,141,141,0,"N/A"
"RANJIT DUTTA","Sonitpur","Assam","Lok Sabha",147000000,122723218,72922532,83.49,24,152,15.79,49800686,345,333,12,"N/A"
"TANUJ PUNIA","BARABANKI","Uttar Pradesh","Lok Sabha",148198170.11,123462716,83397272,83.31,13,33,39.39,40065444,30,30,0,"N/A"
"KOTA SRINIVAS POOJARY","UDUPI CHIKMAGALUR","Karnataka","Lok Sabha",147000000,122390292,44313852,83.26,51,320,15.94,78076440,120,105,15,"N/A"
"Shankar Lalwani","INDORE","Madhya Pradesh","Lok Sabha",147000000,122331388,76896131,83.22,145,302,48.01,45435257,272,272,0,"N/A"
"Ajay Bhatt","NAINITAL UDHAM SINGH NAG.","Uttarakhand","Lok Sabha",147000000,121413994,51274009,82.59,85,484,17.56,70139985,916,897,19,"N/A"
"SAVITRI THAKUR","DHAR","Madhya Pradesh","Lok Sabha",147000000,121039723,80699431,82.34,179,339,52.8,40340292,484,479,5,"N/A"
"DEEPENDER SINGH HOODA","ROHTAK","Haryana","Lok Sabha",147000000,120944825,59066490,82.28,70,177,39.55,61878335,148,148,0,"N/A"
"SHER SINGH GHUBAYA","FIROZPUR","Punjab","Lok Sabha",147000000,120880251,94266196,82.23,361,480,75.21,26614055,462,462,0,"N/A"
"DR. HEMANG JOSHI","VADODARA","Gujarat","Lok Sabha",147000000,120876228,69015565,82.23,72,204,35.29,51860663,123,122,1,"N/A"
"BRIJMOHAN AGRAWAL","RAIPUR","Chhattisgarh","Lok Sabha",153766451.11,126349504,68756217,82.17,38,164,23.17,57593287,168,165,3,"N/A"
"Vijay Baghel","DURG","Chhattisgarh","Lok Sabha",147000000,120691956,58735103,82.1,70,218,32.11,61956853,249,243,6,"N/A"
"C R Patil","NAVSARI","Gujarat","Lok Sabha",158532494.36,130009644,72577870,82.01,268,408,65.69,57431774,283,262,21,"N/A"
"GOVIND MAKTHAPPA KARJOL","CHITRADURGA","Karnataka","Lok Sabha",147000000,120250000,46311790,81.8,19,225,8.44,73938210,125,107,18,"N/A"
"SAMBIT PATRA","PURI","Odisha","Lok Sabha",147000000,120088525,38354750,81.69,548,730,75.07,81733775,847,847,0,"N/A"
"SHOBHA KARANDLAJE","BANGALORE NORTH","Karnataka","Lok Sabha",147000000,119610632,61473509,81.37,21,114,18.42,58137123,104,104,0,"N/A"
"DR C N MANJUNATH","BANGALORE RURAL","Karnataka","Lok Sabha",147000000,119592941,58422695,81.36,66,250,26.4,61170246,190,183,7,"N/A"
"SARABJEET SINGH KHALSA","FARIDKOT","Punjab","Lok Sabha",150850348.15,122584450,95470473,81.26,227,538,42.19,27113977,712,702,10,"N/A"
"S. Jagathrakshakan","ARAKKONAM","Tamil Nadu","Lok Sabha",180589332.34,146686107,57167418,81.23,36,163,22.09,89518689,67,53,14,"N/A"
"Y S Avinash Reddy","KADAPA","Andhra Pradesh","Lok Sabha",156430260.11,127002758,41232850,81.19,57,315,18.1,85769908,89,89,0,"N/A"
"KARTICK CHANDRA PAUL","RAIGANJ","West Bengal","Lok Sabha",202677986.56,164438143,28148611,81.13,99,408,24.26,136289532,102,102,0,"N/A"
"Adv Adoor Prakash ","ATTINGAL","Kerala","Lok Sabha",147000000,119164425,28617364,81.06,108,445,24.27,90547061,115,115,0,"N/A"
"KALI CHARAN MUNDA","KHUNTI","Jharkhand","Lok Sabha",147000000,119080900,77772545,81.01,31,305,10.16,41308355,240,240,0,"N/A"
"Kinjarapu Ram Mohan Naidu","SRIKAKULAM","Andhra Pradesh","Lok Sabha",171200630.11,138619075,55172810,80.97,60,214,28.04,83446265,106,101,5,"N/A"
"HARIBHAI PATEL","MAHESANA","Gujarat","Lok Sabha",147000000,118878572,51381778,80.87,150,620,24.19,67496794,269,266,3,"N/A"
"PRANITI SUSHILKUMAR SHINDE","SOLAPUR","Maharashtra","Lok Sabha",147000000,118376684,8440395,80.53,2,131,1.53,109936289,9,9,0,"N/A"
"Mansukhbhai Dhanjibhai Vasava","BHARUCH","Gujarat","Lok Sabha",147000000,118371884,70528294,80.53,208,396,52.53,47843590,247,239,8,"N/A"
"Kakoli Ghosh Dastidar ","BARASAT","West Bengal","Lok Sabha",147000000,117928163,61929956,80.22,77,181,42.54,55998207,100,100,0,"N/A"
"Mitesh Rameshbhai Bakabhai Patel","ANAND","Gujarat","Lok Sabha",147000000,117585497,58453147,79.99,247,533,46.34,59132350,295,283,12,5
"SURESH GOPI","THRISSUR","Kerala","Lok Sabha",147000000,117029364,16001891,79.61,15,90,16.67,101027473,21,21,0,"N/A"
"Hasmukh Bhai Soma Bhai Patel","AHMEDABAD EAST","Gujarat","Lok Sabha",147000000,117018098,32021270,79.6,20,197,10.15,84996828,36,36,0,"N/A"
"BHUMARE SANDIPANRAO ASARAM","AURANGABAD","Maharashtra","Lok Sabha",147000000,116994317,52095352,79.59,29,92,31.52,64898965,38,36,2,"N/A"
"Putta Mahesh Kumar","ELURU","Andhra Pradesh","Lok Sabha",147000000,116854934,43504398,79.49,54,113,47.79,73350536,69,68,1,"N/A"
"DR RANI SRI KUMAR","TENKASI","Tamil Nadu","Lok Sabha",153060922.82,121586066,99919930,79.44,102,160,63.75,21666136,123,123,0,"N/A"
"THANGA TAMILSELVAN","THENI","Tamil Nadu","Lok Sabha",147000000,116573891,49328291,79.3,24,96,25,67245600,56,50,6,"N/A"
"Shri Chandra Prakash Choudhary","GIRIDIH","Jharkhand","Lok Sabha",147000000,116301602,57353516,79.12,49,674,7.27,58948086,305,270,35,"N/A"
"Rajeshbhai Naranbhai Chudasama","JUNAGADH","Gujarat","Lok Sabha",147000000,116252052,56040284,79.08,152,354,42.94,60211768,176,171,5,"N/A"
"SURENDRA PRASAD YADAV","JAHANABAD","Bihar","Lok Sabha",155325714,122571460,71115717,78.91,142,303,46.86,51455743,203,200,3,"N/A"
"DR. RAJ KUMAR CHABBEWAL","HOSHIARPUR","Punjab","Lok Sabha",147000000,115689409,75842759,78.7,97,286,33.92,39846650,1276,1254,22,"N/A"
"DR. S P SINGH","PRATAPGARH","Uttar Pradesh","Lok Sabha",147000000,115593071,47950833,78.63,106,600,17.67,67642238,188,107,81,"N/A"
"Shri Benny Behanan","CHALAKUDY","Kerala","Lok Sabha",164674770.11,129377767,29054612,78.57,13,171,7.6,100323155,35,33,2,"N/A"
"YADUVEER KRISHNADATTA CHAMARAJA WADIYAR","MYSORE","Karnataka","Lok Sabha",147000000,115450000,62346570,78.54,34,182,18.68,53103430,178,178,0,"N/A"
"Shri NK Premachandran","KOLLAM","Kerala","Lok Sabha",171477994.11,134638644.34,65801960,78.52,53,196,27.04,68836684.34,106,105,1,"N/A"
"BHARATBHAI MANUBHAI SUTARIYA","AMRELI","Gujarat","Lok Sabha",147000000,115379329,61536765,78.49,156,325,48,53842564,186,182,4,"N/A"
"Gyaneshwar Patil","KHANDWA","Madhya Pradesh","Lok Sabha",155690684.77,122106817,86443874,78.43,164,370,44.32,35662943,471,458,13,"N/A"
"T Sumathy (A) Thamizhachi Thangapandian ","CHENNAI SOUTH","Tamil Nadu","Lok Sabha",147000000,115205616,28530278,78.37,5,31,16.13,86675338,25,25,0,"N/A"
"Shri Kumbakudi Sudhakaran","KANNUR","Kerala","Lok Sabha",147000000,114174376,26785182,77.67,63,293,21.5,87389194,98,81,17,"N/A"
"ADITYA YADAV","BADAUN","Uttar Pradesh","Lok Sabha",147000000,113867272,90991162,77.46,41,134,30.6,22876110,207,186,21,"N/A"
"KALIPADA SAREN","JHARGRAM","West Bengal","Lok Sabha",147000000,113497279,71784126,77.21,40,63,63.49,41713153,49,48,1,"N/A"
"CAPTAIN VIRIATO FERNANDES","SOUTH GOA","Goa","Lok Sabha",147000000,113444053,48358008,77.17,47,133,35.34,65086045,78,78,0,"N/A"
"D Ravikumar ","VILUPPURAM","Tamil Nadu","Lok Sabha",197598306.11,152025450,105671025,76.94,222,288,77.08,46354425,234,229,5,"N/A"
"Smt Harsimrat Kaur Badal","BHATINDA","Punjab","Lok Sabha",159775982.39,122829004,86764668,76.88,147,365,40.27,36064336,1509,1416,93,"N/A"
"Shrirang Appa Barne","MAVAL","Maharashtra","Lok Sabha",147000000,112946842,36220911,76.83,32,111,28.83,76725931,54,53,1,"N/A"
"MADHAVANENI RAGHUNANDAN RAO","MEDAK","Telangana","Lok Sabha",147000000,112814529,30484168,76.74,41,182,22.53,82330361,49,49,0,"N/A"
"Rajiv Pratap Rudy","SARAN","Bihar","Lok Sabha",147000000,112715000,0,76.68,0,12,0,112715000,0,0,0,"N/A"
"Jagannath Sarkar","RANAGHAT","West Bengal","Lok Sabha",147000000,112612025,41712525,76.61,70,219,31.96,70899500,86,86,0,"N/A"
"CHHATRA PAL SINGH GANGWAR","BAREILLY","Uttar Pradesh","Lok Sabha",147000000,112521541,95894511,76.55,142,184,77.17,16627030,292,290,2,"N/A"
"Shri Amar Singh","FATEHGARH SAHIB","Punjab","Lok Sabha",147000000,112428591,43758588,76.48,61,351,17.38,68670003,533,523,10,"N/A"
"Smt Himadri Singh","SHAHDOL","Madhya Pradesh","Lok Sabha",150724861.11,115253372,60185831,76.47,45,168,26.79,55067541,187,168,19,"N/A"
"Ravindra Vasantrao Chavan","NANDED","Maharashtra","Lok Sabha",147000000,112097527,42525242,76.26,26,140,18.57,69572285,52,47,5,"N/A"
"KAMLESH JANGDE","JANJGIR CHAMPA","Chhattisgarh","Lok Sabha",150384382.11,114661679,99411941,76.25,254,344,73.84,15249738,602,596,6,"N/A"
"MUKESHKUMAR CHANDRAKAANT DALAL","SURAT","Gujarat","Lok Sabha",147000000,111944052,26395724,76.15,92,215,42.79,85548328,112,112,0,"N/A"
"ROOP KUMARI CHOUDHARY","MAHASAMUND","Chhattisgarh","Lok Sabha",153035414,116384962,76671139,76.05,73,179,40.78,39713823,252,248,4,"N/A"
"ARUNA. D. K","MAHABUBNAGAR","Telangana","Lok Sabha",147000000,111450311,44232038,75.82,127,321,39.56,67218273,153,153,0,"N/A"
"PUSHPENDRA SAROJ","KAUSHAMBI","Uttar Pradesh","Lok Sabha",147000000,111314034,56198890,75.72,607,2584,23.49,55115144,907,833,74,"N/A"
"Gajendra Singh Patel","KHARGONE","Madhya Pradesh","Lok Sabha",147000000,111277517,68143099,75.7,104,336,30.95,43134418,383,381,2,"N/A"
"ARUN BHARTI","JAMUI","Bihar","Lok Sabha",194924621.11,147431859,132883940,75.64,218,328,66.46,14547919,306,305,1,"N/A"
"MAHESH KASHYAP","BASTAR","Chhattisgarh","Lok Sabha",147000000,111167508,64495987.5,75.62,38,206,18.45,46671520.5,196,188,8,"N/A"
"Shri Jugal Kishore Sharma","JAMMU","Jammu And Kashmir","Lok Sabha",147000000,110993405,30668749,75.51,45,211,21.33,80324656,97,95,2,"N/A"
"Shri Suresh Kodikunnil","MAVELIKKARA","Kerala","Lok Sabha",172429519.11,130007478,42019767,75.4,58,191,30.37,87987711,86,85,1,"N/A"
"BIPLAB KUMAR DEB","TRIPURA WEST","Tripura","Lok Sabha",147000000,110368188,52876465,75.08,7,32,21.88,57491723,27,26,1,"N/A"
"RAJPALSINH MAHENDRASINH JADAV","PANCHMAHAL","Gujarat","Lok Sabha",147000000,110209464,26559049,74.97,91,539,16.88,83650415,129,110,19,"N/A"
"Arvind Ganpat Sawant","MUMBAI SOUTH","Maharashtra","Lok Sabha",147000000,110174739,28859509,74.95,14,60,23.33,81315230,18,18,0,"N/A"
"Devendra Alias Bhole Singh","AKBARPUR","Uttar Pradesh","Lok Sabha",147000000,110013145,62000186,74.84,62,148,41.89,48012959,98,98,0,"N/A"
"CHIRAG PASWAN","HAJIPUR","Bihar","Lok Sabha",147000000,109916007,53484547,74.77,47,113,41.59,56431460,56,55,1,"N/A"
"Suresh Kumar Kashyap","SHIMLA","Himachal Pradesh","Lok Sabha",153563957.11,114805358,90424211,74.76,83,541,15.34,24381147,591,586,5,"N/A"
"BALWANT BASWANT WANKHADE","AMRAVATI","Maharashtra","Lok Sabha",198293678,148214000,94386242,74.74,51,167,30.54,53827758,121,114,7,"N/A"
"ALFRED KANNGAM S ARTHUR","OUTER MANIPUR","Manipur","Lok Sabha",147000000,109651963,84951963,74.59,15,36,41.67,24700000,72,72,0,"N/A"
"BHUPENDER YADAV","ALWAR","Rajasthan","Lok Sabha",147000000,109636318,59638968,74.58,31,74,41.89,49997350,68,67,1,"N/A"
"Vishnu Dutt Sharma","KHAJURAHO","Madhya Pradesh","Lok Sabha",147000000,109473142,12409947,74.47,3,135,2.22,97063195,25,21,4,"N/A"
"UMMEDA RAM BENIWAL","BARMER","Rajasthan","Lok Sabha",147000000,109334535,66028772,74.38,96,184,52.17,43305763,188,186,2,"N/A"
"EATALA RAJENDER","MALKAJGIRI","Telangana","Lok Sabha",327477390.86,243219278,34708670,74.27,29,300,9.67,208510608,59,53,6,"N/A"
"DHAVAL LAXMANBHAI PATEL","VALSAD","Gujarat","Lok Sabha",147000000,109117733,35423530,74.23,60,233,25.75,73694203,66,65,1,"N/A"
"Shri Gurjeet Singh Aujla","AMRITSAR","Punjab","Lok Sabha",147000000,108934778,67674872,74.11,91,281,32.38,41259906,330,325,5,"N/A"
"Jyotsna Charandas Mahant ","KORBA","Chhattisgarh","Lok Sabha",155153738.11,114747960,75564467,73.96,136,310,43.87,39183493,435,428,7,"N/A"
"BAG MITALI","ARAMBAG","West Bengal","Lok Sabha",147000000,108701505,53162451,73.95,90,186,48.39,55539054,100,96,4,"N/A"
"Mahendra Singh Solanky","DEWAS","Madhya Pradesh","Lok Sabha",147000000,108538357,42062417,73.84,10,143,6.99,66475940,108,107,1,"N/A"
"Vaithilingam Ve","Puducherry","Puducherry","Lok Sabha",209368972.11,153891559,33557935,73.5,13,75,17.33,120333624,27,22,5,"N/A"
"HARENDRA SINGH MALIK","MUZAFFARNAGAR","Uttar Pradesh","Lok Sabha",147000000,107954919,45924912,73.44,32,221,14.48,62030007,143,121,22,"N/A"
"ARUN NEHRU","PERAMBALUR","Tamil Nadu","Lok Sabha",147000000,107833157,69561568,73.36,54,82,65.85,38271589,82,81,1,"N/A"
"ARUN GOVIL","MEERUT","Uttar Pradesh","Lok Sabha",147000000,107650221,66737649,73.23,36,232,15.52,40912572,172,169,3,"N/A"
"GODAM NAGESH","ADILABAD","Telangana","Lok Sabha",147000000,107604990,35717086,73.2,80,357,22.41,71887904,142,142,0,"N/A"
"Daggubati Purandeshwari","RAJAHMUNDRY","Andhra Pradesh","Lok Sabha",147000000,107500000,14394558,73.13,3,37,8.11,93105442,13,13,0,"N/A"
"Ashok Kumar Yadav ","MADHUBANI","Bihar","Lok Sabha",147000000,107242559,70438959,72.95,81,189,42.86,36803600,132,132,0,"N/A"
"Vishnu Dayal Ram","PALAMU","Jharkhand","Lok Sabha",158176083.11,115360621,83852477,72.93,117,271,43.17,31508144,333,332,1,"N/A"
"ANGOMCHA BIMOL AKOIJAM","INNER MANIPUR","Manipur","Lok Sabha",147000000,107148946,93860392,72.89,21,47,44.68,13288554,67,67,0,"N/A"
"Rajkumar Chahar ","FATEHPUR SIKRI","Uttar Pradesh","Lok Sabha",147000000,106977092,96369831,72.77,45,50,90,10607261,92,92,0,"N/A"
"DR.K.SUDHAKAR","CHIKBALLAPUR","Karnataka","Lok Sabha",147000000,106674028,38953975,72.57,18,164,10.98,67720053,138,134,4,"N/A"
"Shatrughan Sinha","ASANSOL","West Bengal","Lok Sabha",147000000,106621025,66966504,72.53,5,36,13.89,39654521,20,20,0,"N/A"
"Annpurna Devi ","KODARMA","Jharkhand","Lok Sabha",166665931.8,120671517,42079828,72.4,85,392,21.68,78591689,146,137,9,"N/A"
"Bhagirath Chaudhary","AJMER","Rajasthan","Lok Sabha",147000000,106250674,47945999,72.28,58,155,37.42,58304675,643,557,86,"N/A"
"Amol Ramsing Kolhe","SHIRUR","Maharashtra","Lok Sabha",147000000,105981153,21557613,72.1,15,111,13.51,84423540,26,25,1,"N/A"
"RAJEEV RAI","GHOSI","Uttar Pradesh","Lok Sabha",147000000,105878306,66462043,72.03,108,272,39.71,39416263,311,310,1,"N/A"
"K. RAJASHEKAR BASAVARAJ HITNAL","KOPPAL","Karnataka","Lok Sabha",147000000,105810099,66577182,71.98,67,193,34.72,39232917,200,200,0,"N/A"
"LAXMIKANT PAPPU NISHAD","SANT KABIR NAGAR","Uttar Pradesh","Lok Sabha",147000000,105543227,27502127,71.8,2,505,0.4,78041100,38,8,30,"N/A"
"Thalikkottai Rajuthevar Baalu","SRIPERUMBUDUR","Tamil Nadu","Lok Sabha",196905535.11,141333138,71998395,71.78,63,126,50,69334743,90,90,0,"N/A"
"KALI CHARAN SINGH","CHATRA","Jharkhand","Lok Sabha",147000000,105485624,51084747,71.76,75,511,14.68,54400877,296,265,31,"N/A"
"Shri Shantanu Thakur ","BANGAON","West Bengal","Lok Sabha",147000000,105418836,5993836,71.71,8,58,13.79,99425000,8,8,0,"N/A"
"ANAND BHADAURIYA","DHAURAHRA","Uttar Pradesh","Lok Sabha",147000000,105398057.33,78958947,71.7,132,184,71.74,26439110.33,373,360,13,"N/A"
"Parvatagouda Chandanagouda Gaddigoudar","BAGALKOT","Karnataka","Lok Sabha",167541747.11,119890438,64488186,71.56,92,225,40.89,55402252,237,232,5,"N/A"
"Omprakash Bhupalsinh Alias Pawan Rajenimbalkar","OSMANABAD","Maharashtra","Lok Sabha",184758519.11,132159818,28008430,71.53,30,190,15.79,104151388,44,41,3,"N/A"
"DAMODAR AGARWAL","BHILWARA","Rajasthan","Lok Sabha",147000000,105136339,59365927,71.52,105,250,42,45770412,854,796,58,"N/A"
"SHREYAS. M. PATEL","HASSAN","Karnataka","Lok Sabha",147000000,104821153,58673951,71.31,35,204,17.16,46147202,181,177,4,"N/A"
"SELJA","SIRSA","Haryana","Lok Sabha",147000000,104747841,26548478,71.26,59,312,18.91,78199363,152,137,15,"N/A"
"Gumma Thanuja Rani","ARAKU","Andhra Pradesh","Lok Sabha",149458905.11,106480215,74148372,71.24,28,138,20.29,32331843,92,86,6,"N/A"
"JAGADISH CHANDRA BARMA BASUNIA","COOCHBEHAR","West Bengal","Lok Sabha",168604641.11,119356958,36689865,70.79,1,96,1.04,82667093,41,41,0,"N/A"
"GAURAV GOGOI","JORHAT","Assam","Lok Sabha",147000000,103945782,40746858,70.71,35,468,7.48,63198924,458,457,1,"N/A"
"Maddila Gurumoorthy","TIRUPATI","Andhra Pradesh","Lok Sabha",180399007,127353086,64637243,70.6,110,290,37.93,62715843,168,149,19,"N/A"
"RAJABHAU","NASHIK","Maharashtra","Lok Sabha",152878682.11,107720864,47487714,70.46,21,110,19.09,60233150,50,45,5,"N/A"
"MALVIKA DEVI","KALAHANDI","Odisha","Lok Sabha",147000000,103289000,51104998,70.26,96,320,30,52184002,131,130,1,"N/A"
"Prasun Banerjee","HOWRAH","West Bengal","Lok Sabha",147000000,103186031,70699743,70.19,136,227,59.91,32486288,158,146,12,"N/A"
"VIRENDRA SINGH","CHANDAULI","Uttar Pradesh","Lok Sabha",147000000,103143714,86345853,70.17,13,32,40.63,16797861,49,45,4,"N/A"
"Prabhubhai Nagarbhai Vasava","BARDOLI","Gujarat","Lok Sabha",147000000,103087136,27468376,70.13,62,331,18.73,75618760,84,83,1,"N/A"
"Jitendra Singh","UDHAMPUR","Jammu And Kashmir","Lok Sabha",147000000,102965673,48296699,70.04,187,326,57.36,54668974,221,221,0,"N/A"
"SHAFI PARAMBIL","VADAKARA","Kerala","Lok Sabha",147000000,102753500,15909800,69.9,15,244,6.15,86843700,56,56,0,"N/A"
"M.K. VISHNUPRASAD","CUDDALORE","Tamil Nadu","Lok Sabha",147000000,102530543,71744686,69.75,74,117,63.25,30785857,91,90,1,"N/A"
"Ms Mahua Moitra","KRISHNANAGAR","West Bengal","Lok Sabha",159865046,111302619,57382120,69.62,23,55,41.82,53920499,49,49,0,"N/A"
"GURMEET SINGH MEET HAYER","SANGRUR","Punjab","Lok Sabha",147000000,102301198,57218972,69.59,154,391,39.39,45082226,661,635,26,"N/A"
"Sasikanth Senthil","TIRUVALLUR","Tamil Nadu","Lok Sabha",171500000,119314874,89733784,69.57,87,182,47.8,29581090,134,133,1,"N/A"
"DURAI VAIKO","TIRUCHIRAPPALLI","Tamil Nadu","Lok Sabha",147000000,102033829,66737879,69.41,45,80,56.25,35295950,59,53,6,"N/A"
"TOKHAN SAHU","BILASPUR","Chhattisgarh","Lok Sabha",147000000,101855274,55824852,69.29,41,131,31.3,46030422,158,152,6,"N/A"
"Swami Sachchidanandhari Sakshi ji Maharaj ","UNNAO","Uttar Pradesh","Lok Sabha",147000000,101824036,68421377,69.27,12,88,13.64,33402659,69,62,7,"N/A"
"Raju Bista","DARJEELING","West Bengal","Lok Sabha",147000000,101800825,43617451,69.25,82,169,48.52,58183374,92,92,0,"N/A"
"DR.MALLU RAVI","NAGARKURNOOL","Telangana","Lok Sabha",147000000,101693728,47000729,69.18,143,227,63,54692999,156,156,0,"N/A"
"Shri vijayakumar Vasanth","KANNIYAKUMARI","Tamil Nadu","Lok Sabha",171500000,118368762,61773452,69.02,39,101,38.61,56595310,67,65,2,"N/A"
"CHINTAMANI MAHARAJ","SARGUJA","Chhattisgarh","Lok Sabha",147000000,101457500,61420121,69.02,70,330,21.21,40037379,372,365,7,"N/A"
"Smt Dimple Yadav","MAINPURI","Uttar Pradesh","Lok Sabha",192042469.11,132519146,71873231,69.01,53,164,32.32,60645915,149,125,24,"N/A"
"Smt Aparajita Sarangi","BHUBANESWAR","Odisha","Lok Sabha",147420861.41,101650000,32303960,68.95,47,277,16.97,69346040,229,211,18,"N/A"
"RAMESH AWASTHI","KANPUR","Uttar Pradesh","Lok Sabha",147000000,101288419,75758324,68.9,48,140,34.29,25530095,98,98,0,"N/A"
"Kirti Vardhan Singh","GONDA","Uttar Pradesh","Lok Sabha",147000000,101059677,71075338,68.75,35,152,23.03,29984339,180,180,0,"N/A"
"Thiru Dayanidhi Maran","CHENNAI CENTRAL","Tamil Nadu","Lok Sabha",147000000,101000000,30478390,68.71,4,12,33.33,70521610,8,8,0,"N/A"
"SURESH KUMAR SHETKAR","ZAHIRABAD","Telangana","Lok Sabha",147000000,100971995,30460371,68.69,64,355,18.03,70511624,134,120,14,"N/A"
"BHASKAR MURLIDHAR BHAGARE","DINDORI","Maharashtra","Lok Sabha",147000000,100771173,34081627,68.55,19,121,15.7,66689546,37,35,2,"N/A"
"Saptagiri Sankar Ulaka","KORAPUT","Odisha","Lok Sabha",269500000,184589829,68050166,68.49,159,575,27.65,116539663,236,231,5,"N/A"
"Shri Jual Oram","SUNDARGARH","Odisha","Lok Sabha",173096756.91,118328256,66763914,68.36,89,200,44.5,51564342,278,251,27,"N/A"
"SANATAN PANDEY","BALLIA","Uttar Pradesh","Lok Sabha",180420041.4,123305043,74595388,68.34,62,355,17.46,48709655,231,229,2,"N/A"
"SHOBHANABEN MAHENDRASINH BARAIYA","SABARKANTHA","Gujarat","Lok Sabha",147000000,100455464,53180570,68.34,122,279,43.73,47274894,147,140,7,"N/A"
"IMRAN MASOOD","SAHARANPUR","Uttar Pradesh","Lok Sabha",147000000,100422495,69261651,68.31,51,115,44.35,31160844,79,70,9,"N/A"
"Kamlesh Paswan","BANSGAON","Uttar Pradesh","Lok Sabha",147000000,100401614,41575201,68.3,0,125,0,58826413,84,76,8,"N/A"
"Rajnath Singh","LUCKNOW","Uttar Pradesh","Lok Sabha",154808797.11,105720976,74407887,68.29,31,102,30.39,31313089,74,71,3,"N/A"
"Bidyut Baran Mahato","JAMSHEDPUR","Jharkhand","Lok Sabha",147000000,100350597,75745972,68.27,2,178,1.12,24604625,189,189,0,"N/A"
"Shri Anil Firojiya","UJJAIN","Madhya Pradesh","Lok Sabha",147000000,100035496,77471399,68.05,152,248,61.29,22564097,290,286,4,"N/A"
"BACHHAV SHOBHA DINESH","DHULE","Maharashtra","Lok Sabha",147000000,99930794,15131243,67.98,13,91,14.29,84799551,16,12,4,"N/A"
"DHANORKAR PRATIBHA SURESH ALIAS BALUBHAU","CHANDRAPUR","Maharashtra","Lok Sabha",147000000,99915160,17964734,67.97,7,78,8.97,81950426,16,14,2,"N/A"
"MANOJ TIGGA","ALIPURDUARS","West Bengal","Lok Sabha",147000000,99802333.75,11379773,67.89,10,90,11.11,88422560.75,17,17,0,"N/A"
"DR DHARAMVIRA GANDHI","PATIALA","Punjab","Lok Sabha",147000000,99604797,53205652,67.76,62,360,17.22,46399145,1196,1188,8,"N/A"
"BUNTY VIVEK SAHU","CHHINDWARA","Madhya Pradesh","Lok Sabha",147000000,99480130,55619616,67.67,100,476,21.01,43860514,443,437,6,"N/A"
"BHAUSAHEB RAJARAM WAKCHAURE","SHIRDI","Maharashtra","Lok Sabha",147000000,99116663,19420448,67.43,11,137,8.03,79696215,32,32,0,"N/A"
"BABU SINGH KUSHWAHA","JAUNPUR","Uttar Pradesh","Lok Sabha",147000000,98603109,47327917,67.08,522,686,76.09,51275192,652,529,123,"N/A"
"BHARTI PARDHI","BALAGHAT","Madhya Pradesh","Lok Sabha",154398389.01,103486443,92426127,67.03,80,169,47.34,11060316,491,485,6,"N/A"
"BASAVARAJ BOMMAI","HAVERI","Karnataka","Lok Sabha",147000000,98450000,61561447,66.97,19,162,11.73,36888553,178,166,12,"N/A"
"Abu Taher Khan","MURSHIDABAD","West Bengal","Lok Sabha",147000000,98412625,37157978,66.95,172,328,52.44,61254647,183,176,7,"N/A"
"BALRAM NAIK PORIKA","MAHABUBABAD","Telangana","Lok Sabha",147000000,98090650,72320239,66.73,238,359,66.3,25770411,292,292,0,"N/A"
"DEVESH SHAKYA","ETAH","Uttar Pradesh","Lok Sabha",147000000,98064205,81351075,66.71,220,339,64.9,16713130,581,581,0,"N/A"
"GAIKWAD VARSHA EKNATH","MUMBAI NORTH-CENTRAL","Maharashtra","Lok Sabha",147000000,98000000,92563767,66.67,0,57,0,5436233,54,51,3,"N/A"
"Piyush Vedprakash Goyal","MUMBAI NORTH","Maharashtra","Lok Sabha",147000000,98000000,30848998,66.67,0,49,0,67151002,17,13,4,"N/A"
"RADHAKRISHNA","GULBARGA","Karnataka","Lok Sabha",147000000,98000000,3254664,66.67,0,29,0,94745336,2,2,0,"N/A"
"E. TUKARAM","BELLARY","Karnataka","Lok Sabha",147000000,98000000,19971722,66.67,2,91,2.2,78028278,34,25,9,"N/A"
"RAKIBUL HUSSAIN","DHUBRI","Assam","Lok Sabha",147000000,97999429,48853373,66.67,25,179,13.97,49146056,142,136,6,"N/A"
"ANUP SANJAY DHOTRE","AKOLA","Maharashtra","Lok Sabha",147000000,97997749,51045667,66.67,41,100,41,46952082,69,68,1,"N/A"
"PARIMAL SUKLABAIDYA","SILCHAR","Assam","Lok Sabha",148300157.11,98800000,5511762,66.62,0,153,0,93288238,13,10,3,"N/A"
"UJJWAL RAMAN SINGH","ALLAHABAD","Uttar Pradesh","Lok Sabha",147000000,97921663,64478327,66.61,3,31,9.68,33443336,67,61,6,"N/A"
"CHHATRAPATI SHAHU SHAHAJI","KOLHAPUR","Maharashtra","Lok Sabha",147000000,97910291,33696592,66.61,22,101,21.78,64213699,34,34,0,"N/A"
"Pratima Mondal ","JOYNAGAR","West Bengal","Lok Sabha",147000000,97852478,74379705,66.57,170,223,76.23,23472773,185,185,0,"N/A"
"Shri Hanuman Beniwal","NAGAUR","Rajasthan","Lok Sabha",147000000,97848293,68636220,66.56,177,250,70.8,29212073,318,315,3,"N/A"
"Sanjay Seth ","RANCHI","Jharkhand","Lok Sabha",147064357.11,97792648,88234955,66.5,49,150,32.67,9557693,245,245,0,"N/A"
"CN Annadurai","TIRUVANNAMALAI","Tamil Nadu","Lok Sabha",148579509.11,98733161,88000808,66.45,171,194,88.14,10732353,181,181,0,"N/A"
"BALABHADRA MAJHI","NABARANGPUR","Odisha","Lok Sabha",147413962.11,97946556,15470212,66.44,20,220,9.09,82476344,129,129,0,"N/A"
"AKSHAYA YADAV","FIROZABAD","Uttar Pradesh","Lok Sabha",147000000,97654158,95931875,66.43,37,43,86.05,1722283,83,83,0,"N/A"
"Pankaj Chowdhary","MAHARAJGANJ","Uttar Pradesh","Lok Sabha",147000000,97560284,95676373,66.37,38,49,77.55,1883911,94,94,0,"N/A"
"RACHNA BANERJEE","HOOGHLY","West Bengal","Lok Sabha",147000000,97541824.44,34234471,66.35,36,101,35.64,63307353.44,54,54,0,"N/A"
"AMARSING TISSO","Diphu","Assam","Lok Sabha",147000000,97483742,69670509,66.32,41,94,43.62,27813233,192,172,20,"N/A"
"Sunil Dattatray Tatkare","RAIGAD","Maharashtra","Lok Sabha",147000000,97291356,59406128,66.18,18,62,29.03,37885228,74,73,1,"N/A"
"CHANDAN CHAUHAN","BIJNOR","Uttar Pradesh","Lok Sabha",147000000,97231575,81941111,66.14,14,116,12.07,15290464,214,189,25,"N/A"
"AASHTIKAR PATIL NAGESH BAPURAO","HINGOLI","Maharashtra","Lok Sabha",190289442,125834805,67522042,66.13,38,103,36.89,58312763,68,68,0,"N/A"
"Jai Prakash","HARDOI","Uttar Pradesh","Lok Sabha",147000000,97070110,85755277,66.03,3,24,12.5,11314833,47,47,0,"N/A"
"SHRIMANT CHH UDAYANRAJE PRATAPSINHAMAHARAJ BHONSLE","SATARA","Maharashtra","Lok Sabha",147000000,96998677,16135149,65.99,16,134,11.94,80863528,21,21,0,"N/A"
"UTKARSH VERMA MADHUR","KHERI","Uttar Pradesh","Lok Sabha",147000000,96898322,74909150,65.92,347,360,96.39,21989172,699,699,0,"N/A"
"Thirumaa Valavan Thol","CHIDAMBARAM","Tamil Nadu","Lok Sabha",147000000,96815007,69998691,65.86,45,80,56.25,26816316,81,79,2,"N/A"
"JITAN RAM MANJHI","GAYA","Bihar","Lok Sabha",147000000,96708097,61586729,65.79,152,260,58.46,35121368,191,190,1,"N/A"
"Saumitra khan ","BISHNUPUR","West Bengal","Lok Sabha",147000000,96703695,57558347,65.78,48,82,58.54,39145348,52,49,3,"N/A"
"VISHWESHWAR HEGDE KAGERI","UTTARA KANNADA","Karnataka","Lok Sabha",147000000,96600000,34850000,65.71,30,143,20.98,61750000,85,82,3,"N/A"
"VINOD KUMAR BIND","BHADOHI","Uttar Pradesh","Lok Sabha",147000000,96578170,75517267,65.7,407,544,74.82,21060903,525,418,107,"N/A"
"JUNE MALIAH","MEDINIPUR","West Bengal","Lok Sabha",147000000,96497530,36949288,65.64,7,31,22.58,59548242,27,25,2,"N/A"
"Pralhad Venkatesh Joshi","DHARWAD","Karnataka","Lok Sabha",147000000,96324932,20761060,65.53,28,204,13.73,75563872,66,55,11,"N/A"
"Manickam Tagore B","VIRUDHUNAGAR","Tamil Nadu","Lok Sabha",147000000,96301542,90165437,65.51,69,86,80.23,6136105,93,93,0,"N/A"
"DR BYREDDY SHABARI","NANDYAL","Andhra Pradesh","Lok Sabha",150675889.11,98690498,50709419,65.5,70,198,35.35,47981079,116,116,0,"N/A"
"SAGAR ESHWAR KHANDRE","BIDAR","Karnataka","Lok Sabha",147000000,96254497,15422826,65.48,5,178,2.81,80831671,50,46,4,"N/A"
"Mala Roy ","KOLKATA DAKSHIN","West Bengal","Lok Sabha",147000000,96138946,61582788,65.4,32,75,42.67,34556158,65,64,1,"N/A"
"SUDHA R","MAYILADUTHURAI","Tamil Nadu","Lok Sabha",147332315.11,96229000,37515130,65.31,23,149,15.44,58713870,53,38,15,"N/A"
"ADHIKARI SOUMENDU","KANTHI","West Bengal","Lok Sabha",147000000,95934382,38304241,65.26,29,70,41.43,57630141,31,31,0,"N/A"
"Shri Abhishek Banerjee","DIAMOND HARBOUR","West Bengal","Lok Sabha",147000000,95717514,71510891,65.11,200,320,62.5,24206623,262,262,0,"N/A"
"MANJU SHARMA","JAIPUR","Rajasthan","Lok Sabha",167082901.11,108787769,21994861,65.11,13,69,18.84,86792908,29,28,1,"N/A"
"DAROGA PRASAD SAROJ","LALGANJ","Uttar Pradesh","Lok Sabha",147000000,95667378,82499872,65.08,58,294,19.73,13167506,282,253,29,"N/A"
"DHARMENDRA YADAV","AZAMGARH","Uttar Pradesh","Lok Sabha",147000000,95526844,61248647,64.98,16,67,23.88,34278197,53,50,3,"N/A"
"H.D. KUMARASWAMY","MANDYA","Karnataka","Lok Sabha",147000000,95500000,46075000,64.97,7,147,4.76,49425000,130,117,13,"N/A"
"G. KUMAR NAIK","RAICHUR","Karnataka","Lok Sabha",147000000,95495548,24271564,64.96,9,128,7.03,71223984,48,44,4,"N/A"
"Kalyan Banerjee","SREERAMPUR","West Bengal","Lok Sabha",147000000,95384010,76719145,64.89,84,119,70.59,18664865,110,110,0,"N/A"
"KRITI DEVI DEBBARMAN","TRIPURA EAST","Tripura","Lok Sabha",147000000,95286310,32934783,64.82,13,42,30.95,62351527,24,24,0,"N/A"
"PRAVEEN PATEL","PHULPUR","Uttar Pradesh","Lok Sabha",151559884.09,98136533,95102075,64.75,14,24,58.33,3034458,37,35,2,"N/A"
"CAPTAIN BRIJESH CHOWTA","DAKSHINA KANNADA","Karnataka","Lok Sabha",147000000,95117059,52228767,64.71,75,206,36.41,42888292,108,95,13,"N/A"
"Smt Sajda Ahmed","ULUBERIA","West Bengal","Lok Sabha",147000000,94947352,47622814,64.59,92,174,52.87,47324538,113,109,4,"N/A"
"Shri M K Raghavan","KOZHIKODE","Kerala","Lok Sabha",147000000,94826385,9365325,64.51,15,268,5.6,85461060,26,26,0,"N/A"
"Shri Arjun Ram Meghwal","BIKANER","Rajasthan","Lok Sabha",147000000,94811888,34147300,64.5,17,76,22.37,60664588,46,43,3,"N/A"
"ABHIJIT GANGOPADHYAY","TAMLUK","West Bengal","Lok Sabha",147000000,94805281.78,41397394.78,64.49,74,265,27.92,53407887,128,122,6,"N/A"
"Andimuthu Raja","NILGIRIS","Tamil Nadu","Lok Sabha",147000000,94783219,71485310,64.48,73,114,64.04,23297909,87,87,0,"N/A"
"GM Harish Balayogi","AMALAPURAM","Andhra Pradesh","Lok Sabha",147000000,94713343,54891857,64.43,41,108,37.96,39821486,68,66,2,"N/A"
"ARUP CHAKRABORTY","BANKURA","West Bengal","Lok Sabha",147000000,94625897,55795450,64.37,40,70,57.14,38830447,42,42,0,"N/A"
"Dr Shashi Tharoor","THIRUVANANTHAPURAM","Kerala","Lok Sabha",147000000,94591330,41754577,64.35,40,114,35.09,52836753,61,61,0,"N/A"
"Kiren Rijiju","ARUNACHAL WEST","Arunachal Pradesh","Lok Sabha",147000000,94263249,87533016,64.12,114,131,87.02,6730233,162,156,6,"N/A"
"Kangana Ranaut","MANDI","Himachal Pradesh","Lok Sabha",147000000,94241903,56986009,64.11,73,316,23.1,37255894,395,328,67,"N/A"
"PRABHAKAR REDDY VEMIREDDY","NELLORE","Andhra Pradesh","Lok Sabha",147000000,94235727,73610054,64.11,126,153,82.35,20625673,136,136,0,"N/A"
"Shri Sarbananda Sonowal (18LS)","DIBRUGARH","Assam","Lok Sabha",147000000,94042773,23919705,63.97,3,87,3.45,70123068,63,63,0,"N/A"
"JAGADISH SHETTAR","BELGAUM","Karnataka","Lok Sabha",147000000,94000000,10222651,63.95,1,172,0.58,83777349,30,28,2,"N/A"
"PRIYANKA SATISH JARKIHOLI","CHIKKODI","Karnataka","Lok Sabha",147000000,93670772,18773055,63.72,16,159,10.06,74897717,38,34,4,"N/A"
"Krishna Prasad Tenneti","BAPATLA","Andhra Pradesh","Lok Sabha",167796849.11,106632500,18515817,63.55,6,124,4.84,88116683,25,21,4,"N/A"
"AMBICA G LAKSHMINARAYANA VALMIKI","ANANTAPUR","Andhra Pradesh","Lok Sabha",201899064.11,128194365,62202871,63.49,42,155,27.1,65991494,81,81,0,"N/A"
"AMRINDER SINGH RAJA WARRING","LUDHIANA","Punjab","Lok Sabha",147000000,93219872,34113487,63.41,59,242,24.38,59106385,329,326,3,"N/A"
"LUMBARAM","JALORE","Rajasthan","Lok Sabha",147000000,93201156,61556876,63.4,79,179,44.13,31644280,610,609,1,"N/A"
"AVIMANYU SETHI","BHADRAK","Odisha","Lok Sabha",147000000,92895000,23316575,63.19,27,278,9.71,69578425,73,65,8,"N/A"
"Shri Narendra Modi","VARANASI","Uttar Pradesh","Lok Sabha",162070276.11,102171252,89119541,63.04,192,216,88.89,13051711,192,155,37,"N/A"
"DR KALGE SHIVAJI BANDAPPA","LATUR","Maharashtra","Lok Sabha",147000000,92583651,28846420,62.98,26,117,22.22,63737231,34,33,1,"N/A"
"Shri  Dharambir Singh","BHIWANI MAHENDRAGARH","Haryana","Lok Sabha",147000000,92507587,66166803,62.93,103,204,50.49,26340784,187,185,2,"N/A"
"ZIA UR REHMAN","SAMBHAL","Uttar Pradesh","Lok Sabha",147000000,92403610.85,53111753,62.86,0,325,0,39291857.849999994,332,316,16,"N/A"
"Anurag Sharma ","JHANSI","Uttar Pradesh","Lok Sabha",147000000,92350864,67201462,62.82,85,162,52.47,25149402,242,235,7,"N/A"
"AGA SYED RUHULLAH MEHDI","SRINAGAR","Jammu And Kashmir","Lok Sabha",147000000,91972368.1,20822671,62.57,62,199,31.16,71149697.1,80,65,15,"N/A"
"Vijay Kumar Hansdak","RAJMAHAL","Jharkhand","Lok Sabha",147223957.11,91979000,28886697,62.48,0,468,0,63092303,302,302,0,"N/A"
"CHANDRA SHEKHAR","NAGINA","Uttar Pradesh","Lok Sabha",147000000,91755170,87033825,62.42,286,507,56.41,4721345,893,784,109,"N/A"
"RABINDRA NARAYAN BEHERA","JAJPUR","Odisha","Lok Sabha",147064617.11,91739853,9146086,62.38,3,203,1.48,82593767,41,41,0,"N/A"
"CHAMALA KIRAN KUMAR REDDY","BHONGIR","Telangana","Lok Sabha",147000000,91661853,62689273,62.36,417,495,84.24,28972580,434,434,0,"N/A"
"SUNIL BOSE","CHAMARAJANAGAR","Karnataka","Lok Sabha",147000000,91548698,50427615,62.28,24,110,21.82,41121083,96,96,0,"N/A"
"DHARMENDRA PRADHAN","SAMBALPUR","Odisha","Lok Sabha",147000000,91453000,9704141,62.21,2,115,1.74,81748859,31,21,10,"N/A"
"KONDA VISHWESHWAR REDDY","CHELVELLA","Telangana","Lok Sabha",233721420.96,145225175,57338256,62.14,180,519,34.68,87886919,215,214,1,"N/A"
"Ravindra Shyamnarayan Alias Ravi Kishan Shukla","GORAKHPUR","Uttar Pradesh","Lok Sabha",147000000,91202258.78,12572509,62.04,0,96,0,78629749.78,10,10,0,"N/A"
"CHANDUBHAI CHHAGANBHAI SHIHORA","SURENDRANAGAR","Gujarat","Lok Sabha",147000000,91125607,59546562,61.99,100,209,47.85,31579045,211,208,3,"N/A"
"Mala Rajya Laxmi Shah ","TEHRI GARHWAL","Uttarakhand","Lok Sabha",147000000,90920802,57285791,61.85,84,224,37.5,33635011,371,367,4,"N/A"
"VISHAL","SANGLI","Maharashtra","Lok Sabha",147000000,90905332,21614077,61.84,11,84,13.1,69291255,22,20,2,"N/A"
"DR. PRABHA MALLIKARJUN","DAVANAGERE","Karnataka","Lok Sabha",147000000,90800000,57444696,61.77,5,93,5.38,33355304,90,90,0,"N/A"
"Faggan Singh Kulaste","MANDLA","Madhya Pradesh","Lok Sabha",151861648.41,93644136,55170668,61.66,31,298,10.4,38473468,290,286,4,"N/A"
"ASHISH DUBEY","JABALPUR","Madhya Pradesh","Lok Sabha",147000000,90627308,23263814,61.65,15,346,4.34,67363494,138,138,0,"N/A"
"Giriraj Singh","BEGUSARAI","Bihar","Lok Sabha",147000000,90474432,32994877,61.55,17,67,25.37,57479555,38,37,1,"N/A"
"SELVARAJ V","NAGAPATTINAM","Tamil Nadu","Lok Sabha",147000000,90469314,50673389,61.54,46,84,54.76,39795925,61,61,0,"N/A"
"Smt Supriya Sadanand Sule","BARAMATI","Maharashtra","Lok Sabha",147000000,90455903,25041557,61.53,10,126,7.94,65414346,34,32,2,"N/A"
"RADHE SHYAM RATHIYA","RAIGARH","Chhattisgarh","Lok Sabha",159706972.09,97841529,80849803,61.26,72,138,52.17,16991726,213,209,4,"N/A"
"JYOTIRADITYA M. SCINDIA","GUNA","Madhya Pradesh","Lok Sabha",147000000,89874298,55870850,61.14,46,63,73.02,34003448,99,98,1,"N/A"
"PHANI BHUSAN CHOUDHURY","BARPETA","Assam","Lok Sabha",147000000,89528000,42756247,60.9,3,87,3.45,46771753,106,103,3,"N/A"
"BAIJAYANT PANDA","KENDRAPARA","Odisha","Lok Sabha",147000000,89070000,17127535,60.59,8,56,14.29,71942465,28,28,0,"N/A"
"D M Kathir Anand","VELLORE","Tamil Nadu","Lok Sabha",160196941.11,97061477,37215042,60.59,15,83,18.07,59846435,41,39,2,"N/A"
"ANITA NAGARSINGH CHOUHAN","RATLAM","Madhya Pradesh","Lok Sabha",147000000,88997643,55091448,60.54,76,203,37.44,33906195,228,226,2,"N/A"
"MAHIMA KUMARI MEWAR","RAJSAMAND","Rajasthan","Lok Sabha",183892143,111207166,48238044,60.47,26,134,19.4,62969122,272,267,5,"N/A"
"Jagdambika Pal","DOMARIYAGANJ","Uttar Pradesh","Lok Sabha",160643957.11,97048500,38873088,60.41,1,75,1.33,58175412,50,50,0,"N/A"
"NARAYAN TATU RANE","RATNAGIRI-SINDHUDURG","Maharashtra","Lok Sabha",147000000,88763191,22993974,60.38,25,96,26.04,65769217,39,39,0,"N/A"
"DR RAJKUMAR SANGWAN","BAGHPAT","Uttar Pradesh","Lok Sabha",147000000,88712863,36662976,60.35,16,119,13.45,52049887,78,77,1,"N/A"
"PATHAN YUSUF","BAHARAMPUR","West Bengal","Lok Sabha",147000000,88677631,9360897,60.32,1,145,0.69,79316734,7,4,3,"N/A"
"ESWARASAMY K","POLLACHI","Tamil Nadu","Lok Sabha",162315106.11,97904192,59028493,60.32,47,81,58.02,38875699,59,58,1,"N/A"
"SHAMBHAVI","SAMASTIPUR","Bihar","Lok Sabha",147000000,88544621,29478647,60.23,21,127,16.54,59065974,39,30,9,"N/A"
"KADIYAM KAVYA","WARANGEL","Telangana","Lok Sabha",147000000,88497843,27189421,60.2,53,214,24.77,61308422,73,73,0,"N/A"
"Kamaljeet Sehrawat","WEST DELHI","Delhi","Lok Sabha",147000000,88481527,13075365,60.19,31,65,47.69,75406162,34,33,1,"N/A"
"MUHAMMED HAMDULLAH SAYEED","LAKSHADWEEP","Lakshadweep","Lok Sabha",153942460.41,92492350,39337535,60.08,2,28,7.14,53154815,20,20,0,"N/A"
"KAMAKHYA PRASAD TASA","Kaziranga","Assam","Lok Sabha",147000000,88319000,13430602,60.08,0,88,0,74888398,40,40,0,"N/A"
"BAJRANG MANOHAR SONWANE","BEED","Maharashtra","Lok Sabha",165899107.19,99463933,37977152,59.95,20,100,20,61486781,39,39,0,"N/A"
"ADV GOWAAL KAGADA PADAVI","NANDURBAR","Maharashtra","Lok Sabha",147816309.11,88135530,32041066,59.63,189,279,67.74,56094464,189,189,0,"N/A"
"E.T. MOHAMMED BASHEER","MALAPPURAM","Kerala","Lok Sabha",163895872.11,97648170,36606844,59.58,43,190,22.63,61041326,74,73,1,"N/A"
"K. C VENUGOPAL","ALAPPUZHA","Kerala","Lok Sabha",147000000,87573664,44331588,59.57,37,89,41.57,43242076,67,67,0,"N/A"
"SANJAY DINA PATIL","MUMBAI NORTH EAST","Maharashtra","Lok Sabha",147000000,87500000,5955517,59.52,0,40,0,81544483,3,2,1,"N/A"
"Dr Chandra Sekhar Pemmasani","GUNTUR","Andhra Pradesh","Lok Sabha",159774113.11,95101846,39657891,59.52,9,96,9.38,55443955,46,44,2,"N/A"
"Ram Shiromani","SHRAWASTI","Uttar Pradesh","Lok Sabha",151746878.11,90062310,16300060,59.35,0,1357,0,73762250,58,3,55,"N/A"
"Mr Gopal Jee Thakur","DARBHANGA","Bihar","Lok Sabha",147000000,87205268,75767756,59.32,59,179,32.96,11437512,156,156,0,"N/A"
"GOPINATH K","KRISHNAGIRI","Tamil Nadu","Lok Sabha",147000000,87039009,42753233,59.21,36,96,37.5,44285776,57,57,0,"N/A"
"S Venkatesan","MADURAI","Tamil Nadu","Lok Sabha",147000000,86773440,50415867,59.03,46,127,36.22,36357573,73,71,2,"N/A"
"Shri Janardan Singh Sigriwal ","MAHARAJGANJ","Bihar","Lok Sabha",147000000,86339856,47230253,58.73,27,74,36.49,39109603,45,44,1,"N/A"
"Santosh Pandey","RAJNANDGAON","Chhattisgarh","Lok Sabha",147000000,86253260,62035049,58.68,72,177,40.68,24218211,251,244,7,"N/A"
"Chandra Prakash Joshi","CHITTORGARH","Rajasthan","Lok Sabha",147000000,85832214,4980185,58.39,10,196,5.1,80852029,42,41,1,"N/A"
"DR. SHARMILA SARKAR","BARDHAMAN PURBA","West Bengal","Lok Sabha",147000000,85735589,21224009,58.32,17,111,15.32,64511580,33,25,8,"N/A"
"SAYANI GHOSH","JADAVPUR","West Bengal","Lok Sabha",147000000,85269420,49785004,58.01,115,214,53.74,35484416,129,129,0,"N/A"
"LOVELY ANAND","SHEOHAR","Bihar","Lok Sabha",147000000,84963896,43561211,57.8,25,90,27.78,41402685,39,37,2,"N/A"
"VIVEK THAKUR","NAWADA","Bihar","Lok Sabha",147000000,84770897,6537792,57.67,1,85,1.18,78233105,9,5,4,"N/A"
"Smt Poonamben Hematbhai Maadam","JAMNAGAR","Gujarat","Lok Sabha",147000000,84730944,26767387,57.64,48,179,26.82,57963557,62,57,5,"N/A"
"BRIJENDRA SINGH OLA","JHUNJHUNU","Rajasthan","Lok Sabha",147000000,84117714,57494662,57.22,94,167,56.29,26623052,450,448,2,"N/A"
"TARIQ ANWAR","KATIHAR","Bihar","Lok Sabha",147000000,83725060,79735060,56.96,60,86,69.77,3990000,82,82,0,"N/A"
"SUKANTA KUMAR PANIGRAHI","KANDHAMAL","Odisha","Lok Sabha",190712424.11,107662769,54209040,56.45,148,353,41.93,53453729,352,347,5,"N/A"
"NAVEEN JINDAL","KURUKSHETRA","Haryana","Lok Sabha",147000000,82874956,61262363,56.38,118,200,59,21612593,257,255,2,"N/A"
"ANIL YESHWANT DESAI","MUMBAI SOUTH CENTRAL","Maharashtra","Lok Sabha",147000000,82800000,7792570,56.33,0,34,0,75007430,4,3,1,"N/A"
"Ajay Kumar Mandal","BHAGALPUR","Bihar","Lok Sabha",147000000,82721490,75252620,56.27,57,74,77.03,7468870,71,71,0,"N/A"
"DEVESH CHANDRA THAKUR","SITAMARHI","Bihar","Lok Sabha",163809205.11,92125840,41894417,56.24,119,201,59.2,50231423,129,129,0,"N/A"
"NIMUBEN JAYANTIBHAI BAMBHANIYA","BHAVNAGAR","Gujarat","Lok Sabha",147000000,82658143,25662379,56.23,28,85,32.94,56995764,34,34,0,"N/A"
"DINESHBHAI MAKWANA","AHMEDABAD WEST","Gujarat","Lok Sabha",160434965.11,89841605,25122452,56,2,207,0.97,64719153,4,4,0,"N/A"
"BAPI HALDAR","MATHURAPUR","West Bengal","Lok Sabha",147000000,82108066,39420540,55.86,89,169,52.66,42687526,102,101,1,"N/A"
"RAJESH VERMA","KHAGARIA","Bihar","Lok Sabha",147000000,81855498,74186362,55.68,67,76,88.16,7669136,69,69,0,"N/A"
"DR. HEMANT VISHNU SAVARA","PALGHAR","Maharashtra","Lok Sabha",147000000,81749000,12275200,55.61,1,85,1.18,69473800,15,11,4,"N/A"
"MANISH JAISWAL","HAZARIBAGH","Jharkhand","Lok Sabha",147000000,81513050,0,55.45,0,164,0,81513050,0,0,0,"N/A"
"Sanjay Haribhau Jadhav","PARBHANI","Maharashtra","Lok Sabha",147000000,81454456,40999822,55.41,28,84,33.33,40454634,49,49,0,"N/A"
"JITIN PRASADA","PILIBHIT","Uttar Pradesh","Lok Sabha",147000000,80889964,41842816,55.03,22,59,37.29,39047148,106,104,2,"N/A"
"BHARAT SINGH KUSHWAH","GWALIOR","Madhya Pradesh","Lok Sabha",151455276.04,83032458,13676652,54.82,4,126,3.17,69355806,41,40,1,"N/A"
"MANNA LAL RAWAT","UDAIPUR","Rajasthan","Lok Sabha",147000000,80297895,36354199,54.62,24,208,11.54,43943696,207,169,38,"N/A"
"Dr Sukanta Majumdar ","BALURGHAT","West Bengal","Lok Sabha",157085364.9,85690601.8,26156776,54.55,33,186,17.74,59533825.8,51,51,0,"N/A"
"Pradan Baruah","LAKHIMPUR","Assam","Lok Sabha",147000000,80049800,57613604,54.46,33,148,22.3,22436196,181,175,6,"N/A"
"RAHUL SINGH LODHI","DAMOH","Madhya Pradesh","Lok Sabha",163058785.37,88730852,72714957,54.42,176,299,58.86,16015895,342,341,1,"N/A"
"AMRARAM","SIKAR","Rajasthan","Lok Sabha",165691544.11,89877472,38165228,54.24,50,171,29.24,51712244,313,294,19,"N/A"
"Sudip Bandyopadhyay","KOLKATA UTTAR","West Bengal","Lok Sabha",147000000,79627830,46311063,54.17,9,37,24.32,33316767,31,31,0,"N/A"
"BISHNU PADA RAY","ANDAMAN AND NICOBAR ISLANDS","Andaman And Nicobar Islands","Lok Sabha",147000000,79615803,15498347,54.16,0,29,0,64117456,9,9,0,"N/A"
"Dushyant Singh","JHALAWAR-BARAN","Rajasthan","Lok Sabha",147000000,79498880,6025816,54.08,0,196,0,73473064,26,25,1,"N/A"
"Smt Sangeeta Kumari Singh Deo","BOLANGIR","Odisha","Lok Sabha",147000000,79450000,4193424,54.05,3,228,1.32,75256576,14,13,1,"N/A"
"MOHIBBULLAH","RAMPUR","Uttar Pradesh","Lok Sabha",147000000,78883489,74744421,53.66,219,336,65.18,4139068,344,344,0,"N/A"
"Kaushalendra Kumar","NALANDA","Bihar","Lok Sabha",147000000,78719429,45509064,53.55,92,170,54.12,33210365,97,92,5,"N/A"
"Khalilur Rahaman ","JANGIPUR","West Bengal","Lok Sabha",147000000,78631103,23028217,53.49,31,107,28.97,55602886,44,33,11,"N/A"
"Vellalath Kochukrishnan Nair Sreekandan","PALAKKAD","Kerala","Lok Sabha",167807990.11,89737781,50584788,53.48,100,205,48.78,39152993,127,125,2,1
"JOBA MAJHI","SINGHBHUM","Jharkhand","Lok Sabha",147000000,78210610,59054467,53.2,0,118,0,19156143,127,127,0,"N/A"
"MURARI LAL MEENA","DAUSA","Rajasthan","Lok Sabha",147000000,77844548,19094674,52.96,16,111,14.41,58749874,71,70,1,"N/A"
"RAHUL GANDHI","RAE BARELI","Uttar Pradesh","Lok Sabha",147000000,77809777,27068171,52.93,74,192,38.54,50741606,151,132,19,"N/A"
"Harsh Malhotra","EAST DELHI","Delhi","Lok Sabha",147134131,77657623,24390277,52.78,53,113,46.9,53267346,57,57,0,"N/A"
"GENIBEN NAGAJI THAKOR","BANASKANTHA","Gujarat","Lok Sabha",147000000,77476737,26332572,52.71,41,168,24.4,51144165,67,65,2,"N/A"
"IQRA CHOUDHARY","KAIRANA","Uttar Pradesh","Lok Sabha",147000000,77323182,50723960,52.6,45,92,48.91,26599222,62,55,7,"N/A"
"KISHORI LAL","AMETHI","Uttar Pradesh","Lok Sabha",171500000,89977309,82481354,52.46,19,52,36.54,7495955,75,71,4,"N/A"
"Ramesh Chandappa Jigajinagi","BIJAPUR","Karnataka","Lok Sabha",269500000,141386000,24205222,52.46,0,361,0,117180778,123,115,8,"N/A"
"NARESH CHANDRA UTTAM PATEL","FATEHPUR","Uttar Pradesh","Lok Sabha",147000000,76380995,28783210,51.96,13,81,16.05,47597785,49,49,0,"N/A"
"Sribharat MathuKumli","VISAKHAPATNAM","Andhra Pradesh","Lok Sabha",164841922,84715000,13181176,51.39,0,40,0,71533824,18,15,3,"N/A"
"BASTIPATI NAGARAJU PANCHALINGALA","KURNOOL","Andhra Pradesh","Lok Sabha",159998515.11,82033277,44033277,51.27,144,208,69.23,38000000,145,145,0,"N/A"
"Kani K Navas","RAMANATHAPURAM","Tamil Nadu","Lok Sabha",147000000,75293467,54855096,51.22,68,110,61.82,20438371,86,85,1,"N/A"
"V. SOMANNA","TUMKUR","Karnataka","Lok Sabha",147000000,75250000,32543790,51.19,4,61,6.56,42706210,27,17,10,"N/A"
"RAMASAHAYAM RAGHURAM REDDY","KHAMMAM","Telangana","Lok Sabha",147000000,75209146,21423748,51.16,18,211,8.53,53785398,46,44,2,"N/A"
"AZAD KIRTI JHA","BARDHAMAN-DURGAPUR","West Bengal","Lok Sabha",179658399.98,90768485,33156887,50.52,6,112,5.36,57611598,30,29,1,"N/A"
"Dilip Saikia","Darrang-Udalguri","Assam","Lok Sabha",147000000,73850000,26230389,50.24,5,230,2.17,47619611,151,148,3,"N/A"
"B K PARTHASARATHI","HINDUPUR","Andhra Pradesh","Lok Sabha",160491894.11,80578656,49297701,50.21,52,92,56.52,31280955,66,64,2,"N/A"
"R.K. CHAUDHARY","MOHANLALGANJ","Uttar Pradesh","Lok Sabha",147000000,73785543,34622708,50.19,14,93,15.05,39162835,83,81,2,"N/A"
"VARUN CHAUDHRY","AMBALA","Haryana","Lok Sabha",255454264,125888476,29577311,49.28,3,157,1.91,96311165,107,99,8,"N/A"
"Smt Satabdi Roy (Banerjee)","BIRBHUM","West Bengal","Lok Sabha",147000000,72013235.6,48307379.6,48.99,62,95,65.26,23705855.999999993,67,67,0,"N/A"
"MOHITE PATIL DHAIRYASHEEL RAJSINH","MADHA","Maharashtra","Lok Sabha",195613601.7,95260000,8828612,48.7,41,259,15.83,86431388,41,41,0,"N/A"
"Ganesh Singh","SATNA","Madhya Pradesh","Lok Sabha",147000000,71551054,48076283,48.67,77,318,24.21,23474771,227,226,1,"N/A"
"Shri Jyotirmay Singh Mahato ","PURULIA","West Bengal","Lok Sabha",147000000,71300960,11711831,48.5,15,107,14.02,59589129,31,31,0,"N/A"
"Smt Anupriya Patel","MIRZAPUR","Uttar Pradesh","Lok Sabha",147000000,71228000,51732584,48.45,0,10,0,19495416,10,10,0,"N/A"
"Rao Rajendra Singh","JAIPUR RURAL","Rajasthan","Lok Sabha",147000000,71018558,15159151,48.31,10,104,9.62,55859407,36,34,2,"N/A"
"Smt Hema Malini","MATHURA","Uttar Pradesh","Lok Sabha",147000000,70743990,40721168,48.13,33,88,37.5,30022822,82,82,0,"N/A"
"Ravi Shankar Prasad","PATNA SAHIB","Bihar","Lok Sabha",147000000,70305274,56647683,47.83,60,85,70.59,13657591,66,66,0,"N/A"
"KULDEEP INDORA","GANGANAGAR","Rajasthan","Lok Sabha",147000000,69980074,11236750,47.61,2,92,2.17,58743324,68,49,19,"N/A"
"Smt Sandhya Ray","BHIND","Madhya Pradesh","Lok Sabha",147000000,69667619,25218035,47.39,61,129,47.29,44449584,158,158,0,"N/A"
"DARSHAN SINGH CHOUDHARY","HOSHANGABAD","Madhya Pradesh","Lok Sabha",147000000,69617611,30102552,47.36,49,459,10.68,39515059,315,303,12,"N/A"
"Shri Rajmohan Unnithan ","KASARAGOD","Kerala","Lok Sabha",156754633.11,72864151,29132579,46.48,56,207,27.05,43731572,121,111,10,"N/A"
"ATUL GARG","GHAZIABAD","Uttar Pradesh","Lok Sabha",155336470,72011362,42043789,46.36,36,77,46.75,29967573,49,43,6,"N/A"
"Krishan Pal Gurjar","FARIDABAD","Haryana","Lok Sabha",147000000,67877306,24858831,46.18,6,81,7.41,43018475,47,46,1,"N/A"
"Sanjay Uttamrao Deshmukh","YAVATMAL-WASHIM","Maharashtra","Lok Sabha",185640423,84781444.87,24518118,45.67,23,125,18.4,60263326.870000005,42,42,0,"N/A"
"AMAR SHARADRAO KALE","WARDHA","Maharashtra","Lok Sabha",147000000,67098342,31855968,45.65,29,109,26.61,35242374,39,38,1,"N/A"
"C.M.RAMESH","ANAKAPALLE","Andhra Pradesh","Lok Sabha",202531656.11,91302449,36002667,45.08,20,125,16,55299782,42,40,2,"N/A"
"Manoj Tiwari","NORTH EAST DELHI","Delhi","Lok Sabha",225843858,100426887,29733175,44.47,6,23,26.09,70693712,10,9,1,"N/A"
"ABDUL RASHID SHEIKH","BARAMULLAH","Jammu And Kashmir","Lok Sabha",154773472.11,68534493.46,27714021,44.28,44,163,26.99,40820472.45999999,70,67,3,"N/A"
"RUCHI VIRA","MORADABAD","Uttar Pradesh","Lok Sabha",147000000,64981775,52167110,44.21,165,273,60.44,12814665,559,559,0,"N/A"
"Praveen Khandelwal","CHANDINI CHOWK","Delhi","Lok Sabha",147470276,64665415.63,26487847,43.85,35,69,50.72,38177568.63,42,42,0,"N/A"
"MANISH TEWARI","CHANDIGARH","Chandigarh","Lok Sabha",178351443.75,77883199,31608858,43.67,31,112,27.68,46274341,130,126,4,"N/A"
"Appalanaidu Kalisetti","VIZIANAGARAM","Andhra Pradesh","Lok Sabha",147000000,62793800,22622767,42.72,36,118,30.51,40171033,57,56,1,"N/A"
"SHIVRAJ SINGH CHOUHAN","VIDISHA","Madhya Pradesh","Lok Sabha",147000000,62443125,38851625,42.48,10,107,9.35,23591500,128,128,0,"N/A"
"Bansuri Swaraj","NEW DELHI","Delhi","Lok Sabha",154306950,65464173,21775293,42.42,41,110,37.27,43688880,46,46,0,"N/A"
"Lavu Sri Krishna Devarayalu","NARASARAOPET","Andhra Pradesh","Lok Sabha",174009663.11,73620228,2402685,42.31,1,131,0.76,71217543,4,4,0,"N/A"
"KALYAN VAIJINATHRAO KALE","JALNA","Maharashtra","Lok Sabha",147000000,60101425,39254291,40.89,19,61,31.15,20847134,41,41,0,"N/A"
"Kishan Reddy Gangapuram","SECUNDERABAD","Telangana","Lok Sabha",147000000,58617994,4754322,39.88,0,38,0,53863672,5,5,0,"N/A"
"Sivanath Kesineni","VIJAYAWADA","Andhra Pradesh","Lok Sabha",147000000,58354032,6329561,39.7,1,29,3.45,52024471,3,3,0,"N/A"
"BHOJRAJ NAG","KANKER","Chhattisgarh","Lok Sabha",164672734.11,64980971,35985836,39.46,29,87,33.33,28995135,104,103,1,"N/A"
"RUDRA NARAYAN PANY","DHENKANAL","Odisha","Lok Sabha",155013957.11,60557000,4033241,39.07,0,81,0,56523759,23,22,1,"N/A"
"Prof Sougata Ray","DUM DUM","West Bengal","Lok Sabha",147000000,57354419,14046615,39.02,13,52,25,43307804,17,17,0,"N/A"
"ISHA KHAN CHOUDHURY","MALDAHA DAKSHIN","West Bengal","Lok Sabha",147000000,55024076,8567025,37.43,25,123,20.33,46457051,25,25,0,"N/A"
"Asaduddin Owaisi","HYDERABAD","Telangana","Lok Sabha",147000000,54353976,11172317,36.98,1,19,5.26,43181659,7,7,0,"N/A"
"CHARANJIT SINGH CHANNI","JALANDHAR","Punjab","Lok Sabha",147000000,53355792,27091985,36.3,58,207,28.02,26263807,221,209,12,"N/A"
"Shri Amit Shah","GANDHINAGAR","Gujarat","Lok Sabha",147000000,53162769,11529274,36.17,22,118,18.64,41633495,27,27,0,"N/A"
"Nityanand Rai","UJJARPUR","Bihar","Lok Sabha",147000000,52761039,22994739,35.89,40,88,45.45,29766300,50,50,0,"N/A"
"ANITA SUBHADARSHINI","ASKA","Odisha","Lok Sabha",147000000,50500000,13718448,34.35,20,142,14.08,36781552,35,32,3,"N/A"
"M. MALLESH BABU","KOLAR","Karnataka","Lok Sabha",147065957.11,50088000,40766132,34.06,3,76,3.95,9321868,122,121,1,"N/A"
"Prataprao Jadhav","BULDHANA","Maharashtra","Lok Sabha",147000000,50050000,1208028,34.05,0,68,0,48841972,2,2,0,"N/A"
"Mohamed Haneefa","LADAKH","Ladakh","Lok Sabha",161114542,54518000,6009392,33.84,0,55,0,48508608,8,8,0,"N/A"
"Rao Inderjit Singh","GURGAON","Haryana","Lok Sabha",147000000,47921028,22604866,32.6,15,46,32.61,25316162,26,22,4,"N/A"
"DR. PRADEEP KUMAR PANIGRAHY","BERHAMPUR","Odisha","Lok Sabha",147000000,46950000,0,31.94,0,111,0,46950000,0,0,0,"N/A"
"Yogendra Chandoliya","NORTH WEST DELHI","Delhi","Lok Sabha",147876307,46097107,12505354,31.17,11,59,18.64,33591753,16,14,2,"N/A"
"VAMSI KRISHNA GADDAM","PEDDAPALLE","Telangana","Lok Sabha",148451721.11,45914779,16373473,30.93,9,71,12.68,29541306,22,22,0,"N/A"
"Om Birla","KOTA","Rajasthan","Lok Sabha",163906956.6,50463952,28500390,30.79,15,61,24.59,21963562,91,90,1,"N/A"
"Shri Sudheer Gupta ","MANDSOUR","Madhya Pradesh","Lok Sabha",148988014.83,42019092,21420844,28.2,60,224,26.79,20598248,175,168,7,"N/A"
"Khagen Murmu","MALDAHA UTTAR","West Bengal","Lok Sabha",147000000,41221118,6003169,28.04,7,38,18.42,35217949,7,7,0,"N/A"
"BHAJAN LAL JATAV","KARAULI-DHOLPUR","Rajasthan","Lok Sabha",147000000,40283911,7253086,27.4,11,54,20.37,33030825,139,139,0,"N/A"
"SHIVMANGAL SINGH TOMAR","MORENA","Madhya Pradesh","Lok Sabha",147000000,38772294,20290158,26.38,28,66,42.42,18482136,90,90,0,"N/A"
"Balashowry Vallabbhaneni","MACHILIPATNAM","Andhra Pradesh","Lok Sabha",147000000,37625559,14363941,25.6,9,59,15.25,23261618,26,24,2,"N/A"
"Shyamkumar","RAMTEK","Maharashtra","Lok Sabha",147000000,37600000,5141086,25.58,1,34,2.94,32458914,6,5,1,"N/A"
"TRIVENDRA SINGH RAWAT","HARDWAR","Uttarakhand","Lok Sabha",147000000,37111003,9309458,25.25,3,44,6.82,27801545,16,16,0,"N/A"
"Pratap Chandra Sarangi","BALASORE","Odisha","Lok Sabha",147064254.11,36406000,2525000,24.76,10,127,7.87,33881000,10,10,0,"N/A"
"SELVAGANAPATHI T M","SALEM","Tamil Nadu","Lok Sabha",147000000,35380025.5,4244214,24.07,0,17,0,31135811.5,2,2,0,"N/A"
"Shri PP Chaudhary","PALI","Rajasthan","Lok Sabha",147000000,34153173,12964180,23.23,8,44,18.18,21188993,143,142,1,"N/A"
"Dr Jayanta Kumar Roy","JALPAIGURI","West Bengal","Lok Sabha",147000000,32603018,12082736,22.18,2,19,10.53,20520282,5,5,0,"N/A"
"Anurag Singh Thakur","HAMIRPUR","Himachal Pradesh","Lok Sabha",149570117.11,32981082,18791823,22.05,46,205,22.44,14189259,235,230,5,"N/A"
"Gajendra Singh Shekhawat","JODHPUR","Rajasthan","Lok Sabha",147000000,31164000,491827,21.2,0,33,0,30672173,1,1,0,"N/A"
"MANOHAR LAL","KARNAL","Haryana","Lok Sabha",147000000,30518470,16619897,20.76,1,19,5.26,13898573,13,13,0,"N/A"
"TANGELLA UDAY SRINIVAS","KAKINADA","Andhra Pradesh","Lok Sabha",199417886.76,40209964,18078040,20.16,6,22,27.27,22131924,11,10,1,"N/A"
"Ajay Tamta","ALMORA","Uttarakhand","Lok Sabha",147000000,29134406,4183680,19.82,3,148,2.03,24950726,100,83,17,"N/A"
"P C Mohan","BANGALORE CENTRAL","Karnataka","Lok Sabha",159995711.11,25927005,10439505,16.2,2,19,10.53,15487500,21,21,0,"N/A"
"Magunta Sreenivasulu Reddy","ONGOLE","Andhra Pradesh","Lok Sabha",147000000,22585400,12375873,15.36,1,19,5.26,10209527,11,9,2,"N/A"
"Dhairyasheel Sambhajirao Mane","HATKANANGLE","Maharashtra","Lok Sabha",147000000,21901717,7519206,14.9,4,17,23.53,14382511,5,5,0,"N/A"
"KUNDURU RAGHUVEER","NALGONDA","Telangana","Lok Sabha",162952022,23968401,7766945,14.71,6,29,20.69,16201456,9,9,0,"N/A"
"Smt Raksha Nikhil Khadse","RAVER","Maharashtra","Lok Sabha",153112586.11,19044664,5871973,12.44,3,10,30,13172691,3,3,0,"N/A"
"SMITA UDAY WAGH","JALGAON","Maharashtra","Lok Sabha",148107373.11,16031266,14030677,10.82,9,10,90,2000589,9,9,0,"N/A"
"Kalaben Mohanbhai Delkar","DADRA & NAGAR HAVELI","The Dadra And Nagar Haveli And Daman And Diu","Lok Sabha",147000000,14700000,0,10,0,2,0,14700000,0,0,0,"N/A"
"ANIL BALUNI","GARHWAL","Uttarakhand","Lok Sabha",147000000,13195000,2739441,8.98,1,12,8.33,10455559,8,8,0,"N/A"
"Bhupathiraju Srinivasa varma","NARASAPURAM","Andhra Pradesh","Lok Sabha",147000000,12000000,0,8.16,0,1,0,12000000,0,0,0,"N/A"
"Nishikant Dubey","GODDA","Jharkhand","Lok Sabha",147000000,4285510,1785510,2.92,0,2,0,2500000,1,1,0,"N/A"
"Shrikant Eknath Shinde","KALYAN","Maharashtra","Lok Sabha",147000000,2825000,325000,1.92,0,2,0,2500000,1,1,0,"N/A"
"Rajiv Ranjan (Lalan) Singh","MUNGER","Bihar","Lok Sabha",147000000,1000000,0,0.68,0,1,0,1000000,0,0,0,"N/A"
"HARISH CHANDRA MEENA","TONK-SAWAI MADHOPUR","Rajasthan","Lok Sabha",147000000,0,0,0,0,0,0,0,0,0,0,"N/A"
"NARESH GANPAT MHASKE","THANE","Maharashtra","Lok Sabha",147000000,0,0,0,0,0,0,0,0,0,0,"N/A"
"Sanjay Jaiswal","PASCHIM CHAMPARAN","Bihar","Lok Sabha",147000000,0,0,0,0,0,0,0,0,0,0,"N/A"
"MISHA BHARTI","PATALIPUTRA","Bihar","Lok Sabha",147000000,0,0,0,0,0,0,0,0,0,0,"N/A"
"CHAVAN VASANTRAO BALWANTRAO","NANDED","Maharashtra","Lok Sabha",0,0,0,0,0,0,0,0,0,0,0,"N/A"